site_id,fiscal_month,forecast_headcount,labor_usd,fringe_usd,overtime_usd,total_labor_usd
1,2026-09-01,878.58,4574684.35,1280911.62,228734.22,6084330.19
1,2026-10-01,888.41,4616508.41,1292622.35,230825.42,6139956.18
1,2026-11-01,886.44,4610874.12,1291044.75,230543.71,6132462.58
1,2026-12-01,875.18,4556886.56,1275928.24,227844.33,6060659.13
1,2027-01-01,864.84,4507421.35,1262077.98,225371.07,5994870.4
1,2027-02-01,854.41,4455247.01,1247469.16,222762.35,5925478.52
1,2027-03-01,844.44,4407065.22,1233978.26,220353.26,5861396.74
1,2027-04-01,838.21,4375523.42,1225146.56,218776.17,5819446.15
1,2027-05-01,830.58,4340432.51,1215321.1,217021.63,5772775.24
1,2027-06-01,819.61,4287021.02,1200365.89,214351.05,5701737.96
1,2027-07-01,818.48,4279836.59,1198354.25,213991.83,5692182.67
1,2027-08-01,839.34,4388956.38,1228907.79,219447.82,5837311.99
2,2026-09-01,804.73,4274489.86,1196857.16,213724.49,5685071.51
2,2026-10-01,808.57,4301081.23,1204302.74,215054.06,5720438.03
2,2026-11-01,803.0,4275591.24,1197165.55,213779.56,5686536.35
2,2026-12-01,791.43,4218836.37,1181274.18,210941.82,5611052.37
2,2027-01-01,781.57,4168748.91,1167249.69,208437.45,5544436.05
2,2027-02-01,774.73,4133730.34,1157444.5,206686.52,5497861.36
2,2027-03-01,765.13,4083610.8,1143411.02,204180.54,5431202.36
2,2027-04-01,752.63,4018823.32,1125270.53,200941.17,5345035.02
2,2027-05-01,742.23,3965875.78,1110445.22,198293.79,5274614.79
2,2027-06-01,740.33,3952648.83,1106741.67,197632.44,5257022.94
2,2027-07-01,759.17,4051651.54,1134462.43,202582.58,5388696.55
2,2027-08-01,777.7,4154444.08,1163244.34,207722.2,5525410.62
3,2026-09-01,744.59,3799828.55,1063951.99,189991.43,5053771.97
3,2026-10-01,766.52,3911063.77,1095097.86,195553.19,5201714.82
3,2026-11-01,778.39,3973445.73,1112564.8,198672.29,5284682.82
3,2026-12-01,775.55,3965531.03,1110348.69,198276.55,5274156.27
3,2027-01-01,759.82,3884165.2,1087566.26,194208.26,5165939.72
3,2027-02-01,743.32,3798065.96,1063458.47,189903.3,5051427.73
3,2027-03-01,732.49,3746459.95,1049008.79,187323.0,4982791.74
3,2027-04-01,719.65,3685227.22,1031863.62,184261.36,4901352.2
3,2027-05-01,706.35,3622048.24,1014173.51,181102.41,4817324.16
3,2027-06-01,695.12,3565145.22,998240.66,178257.26,4741643.14
3,2027-07-01,686.25,3523060.58,986456.96,176153.03,4685670.57
3,2027-08-01,688.85,3537868.73,990603.24,176893.44,4705365.41
4,2026-09-01,420.24,2243884.23,628287.58,112194.21,2984366.02
4,2026-10-01,421.65,2252495.14,630698.64,112624.76,2995818.54
4,2026-11-01,420.24,2248263.2,629513.7,112413.16,2990190.06
4,2026-12-01,415.86,2227746.38,623768.99,111387.32,2962902.69
4,2027-01-01,412.86,2214113.74,619951.85,110705.69,2944771.28
4,2027-02-01,406.88,2186413.8,612195.86,109320.69,2907930.35
4,2027-03-01,401.87,2163201.66,605696.46,108160.08,2877058.2
4,2027-04-01,395.68,2133978.41,597513.95,106698.92,2838191.28
4,2027-05-01,390.6,2107078.78,589982.06,105353.94,2802414.78
4,2027-06-01,384.34,2075409.13,581114.56,103770.46,2760294.15
4,2027-07-01,381.27,2058984.9,576515.77,102949.24,2738449.91
4,2027-08-01,383.9,2074760.08,580932.82,103738.0,2759430.9
