site_id,method,fiscal_month,forecast,ci_low_80,ci_high_80,ci_low_95,ci_high_95,winning_method
1,holtwinters,2026-09-01,878.58,873.58,883.57,870.93,886.22,holtwinters
1,holtwinters,2026-10-01,888.41,881.34,895.48,877.6,899.22,holtwinters
1,holtwinters,2026-11-01,886.44,877.79,895.1,873.2,899.68,holtwinters
1,holtwinters,2026-12-01,875.18,865.18,885.17,859.89,890.46,holtwinters
1,holtwinters,2027-01-01,864.84,853.67,876.02,847.75,881.93,holtwinters
1,holtwinters,2027-02-01,854.41,842.17,866.65,835.69,873.13,holtwinters
1,holtwinters,2027-03-01,844.44,831.22,857.66,824.22,864.66,holtwinters
1,holtwinters,2027-04-01,838.21,824.07,852.34,816.59,859.83,holtwinters
1,holtwinters,2027-05-01,830.58,815.58,845.57,807.65,853.51,holtwinters
1,holtwinters,2027-06-01,819.61,803.8,835.41,795.44,843.78,holtwinters
1,holtwinters,2027-07-01,818.48,801.9,835.05,793.13,843.83,holtwinters
1,holtwinters,2027-08-01,839.34,822.03,856.65,812.87,865.82,holtwinters
2,holtwinters,2026-09-01,804.73,802.55,806.91,801.4,808.07,holtwinters
2,holtwinters,2026-10-01,808.57,805.48,811.65,803.85,813.28,holtwinters
2,holtwinters,2026-11-01,803.0,799.22,806.78,797.22,808.78,holtwinters
2,holtwinters,2026-12-01,791.43,787.07,795.8,784.76,798.11,holtwinters
2,holtwinters,2027-01-01,781.57,776.69,786.44,774.11,789.03,holtwinters
2,holtwinters,2027-02-01,774.73,769.39,780.08,766.56,782.91,holtwinters
2,holtwinters,2027-03-01,765.13,759.36,770.9,756.31,773.96,holtwinters
2,holtwinters,2027-04-01,752.63,746.46,758.8,743.2,762.07,holtwinters
2,holtwinters,2027-05-01,742.23,735.69,748.78,732.22,752.24,holtwinters
2,holtwinters,2027-06-01,740.33,733.44,747.23,729.78,750.88,holtwinters
2,holtwinters,2027-07-01,759.17,751.93,766.4,748.1,770.23,holtwinters
2,holtwinters,2027-08-01,777.7,770.14,785.26,766.14,789.26,holtwinters
3,holtwinters,2026-09-01,744.59,742.49,746.69,741.38,747.8,holtwinters
3,holtwinters,2026-10-01,766.52,763.55,769.49,761.98,771.06,holtwinters
3,holtwinters,2026-11-01,778.39,774.75,782.02,772.83,783.95,holtwinters
3,holtwinters,2026-12-01,775.55,771.36,779.75,769.13,781.97,holtwinters
3,holtwinters,2027-01-01,759.82,755.13,764.51,752.64,767.0,holtwinters
3,holtwinters,2027-02-01,743.32,738.18,748.46,735.46,751.18,holtwinters
3,holtwinters,2027-03-01,732.49,726.93,738.04,723.99,740.98,holtwinters
3,holtwinters,2027-04-01,719.65,713.72,725.59,710.57,728.73,holtwinters
3,holtwinters,2027-05-01,706.35,700.06,712.65,696.72,715.98,holtwinters
3,holtwinters,2027-06-01,695.12,688.48,701.76,684.97,705.27,holtwinters
3,holtwinters,2027-07-01,686.25,679.29,693.21,675.61,696.9,holtwinters
3,holtwinters,2027-08-01,688.85,681.58,696.12,677.73,699.97,holtwinters
4,holtwinters,2026-09-01,418.97,417.64,420.31,416.93,421.02,sarima
4,holtwinters,2026-10-01,420.84,418.95,422.73,417.95,423.74,sarima
4,holtwinters,2026-11-01,419.21,416.89,421.53,415.66,422.75,sarima
4,holtwinters,2026-12-01,413.68,411.0,416.35,409.58,417.77,sarima
4,holtwinters,2027-01-01,410.04,407.05,413.03,405.47,414.62,sarima
4,holtwinters,2027-02-01,403.14,399.86,406.42,398.13,408.15,sarima
4,holtwinters,2027-03-01,396.14,392.6,399.68,390.73,401.55,sarima
4,holtwinters,2027-04-01,388.81,385.02,392.59,383.02,394.6,sarima
4,holtwinters,2027-05-01,382.48,378.46,386.49,376.34,388.61,sarima
4,holtwinters,2027-06-01,374.51,370.28,378.74,368.04,380.98,sarima
4,holtwinters,2027-07-01,370.54,366.1,374.98,363.76,377.33,sarima
4,holtwinters,2027-08-01,373.94,369.31,378.58,366.85,381.03,sarima
1,sarima,2026-09-01,873.62,301.91,1445.33,-0.74,1747.98,holtwinters
1,sarima,2026-10-01,883.71,75.18,1692.23,-352.82,2120.24,holtwinters
1,sarima,2026-11-01,881.76,-108.47,1872.0,-632.67,2396.2,holtwinters
1,sarima,2026-12-01,871.21,-272.22,2014.63,-877.51,2619.92,holtwinters
1,sarima,2027-01-01,859.08,-419.31,2137.47,-1096.05,2814.2,holtwinters
1,sarima,2027-02-01,847.39,-553.02,2247.79,-1294.34,2989.12,holtwinters
1,sarima,2027-03-01,836.47,-676.14,2349.08,-1476.86,3149.81,holtwinters
1,sarima,2027-04-01,827.43,-789.62,2444.47,-1645.63,3300.49,holtwinters
1,sarima,2027-05-01,822.13,-893.0,2537.27,-1800.94,3445.21,holtwinters
1,sarima,2027-06-01,806.94,-1000.97,2614.85,-1958.02,3571.9,holtwinters
1,sarima,2027-07-01,821.39,-1074.76,2717.55,-2078.53,3721.31,holtwinters
1,sarima,2027-08-01,839.23,-1141.24,2819.7,-2189.64,3868.09,holtwinters
2,sarima,2026-09-01,803.28,-5.12,1611.68,-433.06,2039.62,holtwinters
2,sarima,2026-10-01,806.44,-336.8,1949.69,-942.0,2554.89,holtwinters
2,sarima,2026-11-01,801.24,-598.95,2201.43,-1340.16,2942.64,holtwinters
2,sarima,2026-12-01,791.14,-825.66,2407.94,-1681.54,3263.82,holtwinters
2,sarima,2027-01-01,782.14,-1025.5,2589.77,-1982.4,3546.68,holtwinters
2,sarima,2027-02-01,776.15,-1204.02,2756.31,-2252.26,3804.55,holtwinters
2,sarima,2027-03-01,767.49,-1371.33,2906.31,-2503.56,4038.54,holtwinters
2,sarima,2027-04-01,756.21,-1530.29,3042.71,-2740.68,4253.11,holtwinters
2,sarima,2027-05-01,746.99,-1678.21,3172.18,-2962.03,4456.01,holtwinters
2,sarima,2027-06-01,745.27,-1811.11,3301.66,-3164.38,4654.92,holtwinters
2,sarima,2027-07-01,762.13,-1919.03,3443.29,-3338.35,4862.61,holtwinters
2,sarima,2027-08-01,778.74,-2021.64,3579.11,-3504.07,5061.54,holtwinters
3,sarima,2026-09-01,744.46,14.3,1474.61,-372.22,1861.13,holtwinters
3,sarima,2026-10-01,764.4,-268.2,1797.0,-814.82,2343.62,holtwinters
3,sarima,2026-11-01,774.43,-490.23,2039.1,-1159.71,2708.58,holtwinters
3,sarima,2026-12-01,772.25,-688.06,2232.56,-1461.1,3005.61,holtwinters
3,sarima,2027-01-01,757.65,-875.02,2390.33,-1739.31,3254.62,holtwinters
3,sarima,2027-02-01,742.67,-1045.84,2531.18,-1992.62,3477.95,holtwinters
3,sarima,2027-03-01,732.73,-1199.08,2664.54,-2221.71,3687.18,holtwinters
3,sarima,2027-04-01,721.02,-1344.18,2786.21,-2437.42,3879.45,holtwinters
3,sarima,2027-05-01,708.82,-1481.65,2899.28,-2641.21,4058.84,holtwinters
3,sarima,2027-06-01,698.55,-1610.41,3007.5,-2832.69,4229.79,holtwinters
3,sarima,2027-07-01,690.44,-1731.21,3112.1,-3013.15,4394.04,holtwinters
3,sarima,2027-08-01,692.82,-1836.51,3222.16,-3175.46,4561.1,holtwinters
4,sarima,2026-09-01,420.24,264.24,576.24,181.66,658.82,sarima
4,sarima,2026-10-01,421.65,201.03,642.27,84.25,759.05,sarima
4,sarima,2026-11-01,420.24,150.05,690.44,7.01,833.48,sarima
4,sarima,2026-12-01,415.86,103.86,727.86,-61.3,893.02,sarima
4,sarima,2027-01-01,412.86,64.03,761.68,-120.62,946.34,sarima
4,sarima,2027-02-01,406.88,24.76,789.0,-177.52,991.28,sarima
4,sarima,2027-03-01,401.87,-10.87,814.6,-229.36,1033.09,sarima
4,sarima,2027-04-01,395.68,-45.55,836.92,-279.12,1070.49,sarima
4,sarima,2027-05-01,390.6,-77.39,858.6,-325.14,1106.35,sarima
4,sarima,2027-06-01,384.34,-108.97,877.65,-370.12,1138.8,sarima
4,sarima,2027-07-01,381.27,-136.12,898.66,-410.01,1172.55,sarima
4,sarima,2027-08-01,383.9,-156.5,924.3,-442.57,1210.37,sarima
