site_id,fiscal_month,current_active,monthly_attrition,cumulative_attrition,expected_req_fills,cumulative_req_fills,projected_headcount
1,2026-09-01,871.0,10.68,10.68,0.0,0.0,860.32
1,2026-10-01,871.0,10.55,21.24,3.77,3.77,853.53
1,2026-11-01,871.0,10.47,31.71,0.0,3.77,843.06
1,2026-12-01,871.0,10.34,42.05,0.0,3.77,832.72
1,2027-01-01,871.0,10.21,52.26,0.0,3.77,822.51
1,2027-02-01,871.0,10.09,62.35,0.0,3.77,812.42
1,2027-03-01,871.0,9.96,72.31,0.0,3.77,802.46
1,2027-04-01,871.0,9.84,82.16,0.0,3.77,792.61
1,2027-05-01,871.0,9.72,91.88,0.0,3.77,782.89
1,2027-06-01,871.0,9.6,101.48,0.0,3.77,773.29
1,2027-07-01,871.0,9.48,110.97,0.0,3.77,763.8
1,2027-08-01,871.0,9.37,120.33,0.0,3.77,754.44
2,2026-09-01,799.0,7.87,7.87,0.0,0.0,791.13
2,2026-10-01,799.0,7.79,15.67,5.73,5.73,789.06
2,2026-11-01,799.0,7.77,23.44,0.0,5.73,781.29
2,2026-12-01,799.0,7.7,31.14,0.0,5.73,773.59
2,2027-01-01,799.0,7.62,38.76,0.0,5.73,765.97
2,2027-02-01,799.0,7.55,46.31,0.0,5.73,758.42
2,2027-03-01,799.0,7.47,53.78,0.0,5.73,750.95
2,2027-04-01,799.0,7.4,61.18,0.0,5.73,743.55
2,2027-05-01,799.0,7.33,68.5,0.0,5.73,736.23
2,2027-06-01,799.0,7.25,75.76,0.0,5.73,728.97
2,2027-07-01,799.0,7.18,82.94,0.0,5.73,721.79
2,2027-08-01,799.0,7.11,90.05,0.0,5.73,714.68
3,2026-09-01,727.0,11.68,11.68,0.0,0.0,715.32
3,2026-10-01,727.0,11.49,23.16,0.0,0.0,703.84
3,2026-11-01,727.0,11.3,34.47,0.89,0.89,693.42
3,2026-12-01,727.0,11.14,45.6,0.0,0.89,682.29
3,2027-01-01,727.0,10.96,56.56,0.0,0.89,671.33
3,2027-02-01,727.0,10.78,67.34,0.0,0.89,660.55
3,2027-03-01,727.0,10.61,77.95,0.0,0.89,649.94
3,2027-04-01,727.0,10.44,88.39,0.0,0.89,639.5
3,2027-05-01,727.0,10.27,98.66,0.0,0.89,629.23
3,2027-06-01,727.0,10.11,108.76,0.0,0.89,619.13
3,2027-07-01,727.0,9.94,118.71,0.0,0.89,609.18
3,2027-08-01,727.0,9.78,128.49,0.0,0.89,599.4
4,2026-09-01,420.0,6.71,6.71,0.0,0.0,413.29
4,2026-10-01,420.0,6.61,13.32,2.74,2.74,409.42
4,2026-11-01,420.0,6.54,19.86,0.0,2.74,402.88
4,2026-12-01,420.0,6.44,26.3,0.0,2.74,396.44
4,2027-01-01,420.0,6.34,32.64,0.0,2.74,390.1
4,2027-02-01,420.0,6.23,38.87,0.0,2.74,383.87
4,2027-03-01,420.0,6.14,45.01,0.0,2.74,377.73
4,2027-04-01,420.0,6.04,51.04,0.0,2.74,371.7
4,2027-05-01,420.0,5.94,56.98,0.0,2.74,365.76
4,2027-06-01,420.0,5.85,62.83,0.0,2.74,359.91
4,2027-07-01,420.0,5.75,68.58,0.0,2.74,354.16
4,2027-08-01,420.0,5.66,74.24,0.0,2.74,348.5
