site_id,fiscal_month,headcount,monthly_attrition,req_fills,labor_usd,overtime_usd,other_usd,total_labor_usd,scenario
1,2026-09-01,860.33,10.67,0.0,5733033.36,286651.67,0,6019685.02,baseline
1,2026-10-01,853.55,10.54,3.77,5687878.02,284393.9,0,5972271.92,baseline
1,2026-11-01,843.09,10.46,0.0,5618176.35,280908.82,0,5899085.16,baseline
1,2026-12-01,832.76,10.33,0.0,5549328.82,277466.44,0,5826795.27,baseline
1,2027-01-01,822.55,10.2,0.0,5481324.99,274066.25,0,5755391.24,baseline
1,2027-02-01,812.47,10.08,0.0,5414154.5,270707.73,0,5684862.23,baseline
1,2027-03-01,802.52,9.96,0.0,5347807.15,267390.36,0,5615197.51,baseline
1,2027-04-01,792.68,9.83,0.0,5282272.85,264113.64,0,5546386.49,baseline
1,2027-05-01,782.97,9.71,0.0,5217541.63,260877.08,0,5478418.71,baseline
1,2027-06-01,773.37,9.59,0.0,5153603.66,257680.18,0,5411283.84,baseline
1,2027-07-01,763.9,9.48,0.0,5090449.21,254522.46,0,5344971.67,baseline
1,2027-08-01,754.54,9.36,0.0,5028068.68,251403.43,0,5279472.11,baseline
2,2026-09-01,791.13,7.87,0.0,5379104.99,268955.25,0,5648060.24,baseline
2,2026-10-01,789.06,7.8,5.73,5365047.21,268252.36,0,5633299.57,baseline
2,2026-11-01,781.28,7.78,0.0,5312178.28,265608.91,0,5577787.2,baseline
2,2026-12-01,773.58,7.7,0.0,5259830.34,262991.52,0,5522821.85,baseline
2,2027-01-01,765.96,7.62,0.0,5207998.25,260399.91,0,5468398.16,baseline
2,2027-02-01,758.41,7.55,0.0,5156676.93,257833.85,0,5414510.78,baseline
2,2027-03-01,750.94,7.47,0.0,5105861.35,255293.07,0,5361154.41,baseline
2,2027-04-01,743.54,7.4,0.0,5055546.52,252777.33,0,5308323.84,baseline
2,2027-05-01,736.21,7.33,0.0,5005727.51,250286.38,0,5256013.88,baseline
2,2027-06-01,728.96,7.25,0.0,4956399.43,247819.97,0,5204219.4,baseline
2,2027-07-01,721.77,7.18,0.0,4907557.45,245377.87,0,5152935.32,baseline
2,2027-08-01,714.66,7.11,0.0,4859196.77,242959.84,0,5102156.61,baseline
3,2026-09-01,715.3,11.7,0.0,4672159.21,233607.96,0,4905767.17,baseline
3,2026-10-01,703.79,11.51,0.0,4596961.83,229848.09,0,4826809.92,baseline
3,2026-11-01,693.35,11.33,0.89,4528812.86,226440.64,0,4755253.5,baseline
3,2026-12-01,682.19,11.16,0.0,4455922.61,222796.13,0,4678718.74,baseline
3,2027-01-01,671.21,10.98,0.0,4384205.51,219210.28,0,4603415.79,baseline
3,2027-02-01,660.41,10.8,0.0,4313642.69,215682.13,0,4529324.82,baseline
3,2027-03-01,649.78,10.63,0.0,4244215.56,212210.78,0,4456426.34,baseline
3,2027-04-01,639.32,10.46,0.0,4175905.84,208795.29,0,4384701.13,baseline
3,2027-05-01,629.03,10.29,0.0,4108695.55,205434.78,0,4314130.33,baseline
3,2027-06-01,618.91,10.12,0.0,4042567.0,202128.35,0,4244695.35,baseline
3,2027-07-01,608.95,9.96,0.0,3977502.77,198875.14,0,4176377.91,baseline
3,2027-08-01,599.15,9.8,0.0,3913485.74,195674.29,0,4109160.03,baseline
4,2026-09-01,413.31,6.69,0.0,2823646.86,141182.34,0,2964829.2,baseline
4,2026-10-01,409.47,6.58,2.74,2797394.22,139869.71,0,2937263.93,baseline
4,2026-11-01,402.95,6.52,0.0,2752853.18,137642.66,0,2890495.84,baseline
4,2026-12-01,396.53,6.42,0.0,2709021.35,135451.07,0,2844472.41,baseline
4,2027-01-01,390.22,6.31,0.0,2665887.41,133294.37,0,2799181.78,baseline
4,2027-02-01,384.01,6.21,0.0,2623440.27,131172.01,0,2754612.29,baseline
4,2027-03-01,377.89,6.11,0.0,2581668.99,129083.45,0,2710752.44,baseline
4,2027-04-01,371.88,6.02,0.0,2540562.81,127028.14,0,2667590.95,baseline
4,2027-05-01,365.95,5.92,0.0,2500111.13,125005.56,0,2625116.68,baseline
4,2027-06-01,360.13,5.83,0.0,2460303.53,123015.18,0,2583318.71,baseline
4,2027-07-01,354.39,5.73,0.0,2421129.77,121056.49,0,2542186.25,baseline
4,2027-08-01,348.75,5.64,0.0,2382579.74,119128.99,0,2501708.73,baseline
1,2026-09-01,860.33,10.67,0.0,5733033.36,286651.67,0,6019685.02,hiring_freeze
1,2026-10-01,849.78,10.54,0.0,5662778.33,283138.92,0,5945917.24,hiring_freeze
1,2026-11-01,839.37,10.41,0.0,5593384.23,279669.21,0,5873053.45,hiring_freeze
1,2026-12-01,829.08,10.29,0.0,5524840.52,276242.03,0,5801082.55,hiring_freeze
1,2027-01-01,818.92,10.16,0.0,5457136.78,272856.84,0,5729993.62,hiring_freeze
1,2027-02-01,808.89,10.04,0.0,5390262.71,269513.14,0,5659775.84,hiring_freeze
1,2027-03-01,798.98,9.91,0.0,5324208.13,266210.41,0,5590418.54,hiring_freeze
1,2027-04-01,789.19,9.79,0.0,5258963.02,262948.15,0,5521911.17,hiring_freeze
1,2027-05-01,779.51,9.67,0.0,5194517.45,259725.87,0,5454243.33,hiring_freeze
1,2027-06-01,769.96,9.55,0.0,5130861.63,256543.08,0,5387404.71,hiring_freeze
1,2027-07-01,760.53,9.44,0.0,5067985.87,253399.29,0,5321385.16,hiring_freeze
1,2027-08-01,751.21,9.32,0.0,5005880.62,250294.03,0,5256174.65,hiring_freeze
2,2026-09-01,791.13,7.87,0.0,5379104.99,268955.25,0,5648060.24,hiring_freeze
2,2026-10-01,783.33,7.8,0.0,5326097.53,266304.88,0,5592402.4,hiring_freeze
2,2026-11-01,775.61,7.72,0.0,5273612.42,263680.62,0,5537293.04,hiring_freeze
2,2026-12-01,767.97,7.64,0.0,5221644.51,261082.23,0,5482726.74,hiring_freeze
2,2027-01-01,760.4,7.57,0.0,5170188.72,258509.44,0,5428698.16,hiring_freeze
2,2027-02-01,752.91,7.49,0.0,5119239.99,255962.0,0,5375201.99,hiring_freeze
2,2027-03-01,745.49,7.42,0.0,5068793.32,253439.67,0,5322232.99,hiring_freeze
2,2027-04-01,738.14,7.35,0.0,5018843.77,250942.19,0,5269785.96,hiring_freeze
2,2027-05-01,730.87,7.27,0.0,4969386.44,248469.32,0,5217855.77,hiring_freeze
2,2027-06-01,723.67,7.2,0.0,4920416.48,246020.82,0,5166437.31,hiring_freeze
2,2027-07-01,716.53,7.13,0.0,4871929.09,243596.45,0,5115525.54,hiring_freeze
2,2027-08-01,709.47,7.06,0.0,4823919.5,241195.98,0,5065115.48,hiring_freeze
3,2026-09-01,715.3,11.7,0.0,4672159.21,233607.96,0,4905767.17,hiring_freeze
3,2026-10-01,703.79,11.51,0.0,4596961.83,229848.09,0,4826809.92,hiring_freeze
3,2026-11-01,692.46,11.33,0.0,4522974.74,226148.74,0,4749123.48,hiring_freeze
3,2026-12-01,681.31,11.14,0.0,4450178.45,222508.92,0,4672687.38,hiring_freeze
3,2027-01-01,670.35,10.97,0.0,4378553.81,218927.69,0,4597481.5,hiring_freeze
3,2027-02-01,659.56,10.79,0.0,4308081.95,215404.1,0,4523486.05,hiring_freeze
3,2027-03-01,648.94,10.62,0.0,4238744.32,211937.22,0,4450681.53,hiring_freeze
3,2027-04-01,638.5,10.44,0.0,4170522.66,208526.13,0,4379048.79,hiring_freeze
3,2027-05-01,628.22,10.28,0.0,4103399.01,205169.95,0,4308568.96,hiring_freeze
3,2027-06-01,618.11,10.11,0.0,4037355.7,201867.79,0,4239223.49,hiring_freeze
3,2027-07-01,608.16,9.95,0.0,3972375.35,198618.77,0,4170994.12,hiring_freeze
3,2027-08-01,598.38,9.79,0.0,3908440.84,195422.04,0,4103862.88,hiring_freeze
4,2026-09-01,413.31,6.69,0.0,2823646.86,141182.34,0,2964829.2,hiring_freeze
4,2026-10-01,406.73,6.58,0.0,2778687.82,138934.39,0,2917622.21,hiring_freeze
4,2026-11-01,400.26,6.48,0.0,2734444.64,136722.23,0,2871166.87,hiring_freeze
4,2026-12-01,393.88,6.37,0.0,2690905.91,134545.3,0,2825451.2,hiring_freeze
4,2027-01-01,387.61,6.27,0.0,2648060.42,132403.02,0,2780463.44,hiring_freeze
4,2027-02-01,381.44,6.17,0.0,2605897.12,130294.86,0,2736191.98,hiring_freeze
4,2027-03-01,375.37,6.07,0.0,2564405.17,128220.26,0,2692625.43,hiring_freeze
4,2027-04-01,369.39,5.98,0.0,2523573.86,126178.69,0,2649752.56,hiring_freeze
4,2027-05-01,363.51,5.88,0.0,2483392.69,124169.63,0,2607562.32,hiring_freeze
4,2027-06-01,357.72,5.79,0.0,2443851.29,122192.56,0,2566043.85,hiring_freeze
4,2027-07-01,352.02,5.7,0.0,2404939.48,120246.97,0,2525186.46,hiring_freeze
4,2027-08-01,346.42,5.61,0.0,2366647.24,118332.36,0,2484979.61,hiring_freeze
1,2026-09-01,852.32,18.68,0.0,5679688.37,283984.42,0,5963672.79,attrition_spike
1,2026-10-01,837.81,18.28,3.77,5582985.76,279149.29,0,5862135.05,attrition_spike
1,2026-11-01,819.84,17.97,0.0,5463257.27,273162.86,0,5736420.13,attrition_spike
1,2026-12-01,802.26,17.58,0.0,5346096.39,267304.82,0,5613401.2,attrition_spike
1,2027-01-01,785.06,17.2,0.0,5231448.04,261572.4,0,5493020.45,attrition_spike
1,2027-02-01,768.22,16.84,0.0,5119258.36,255962.92,0,5375221.28,attrition_spike
1,2027-03-01,758.81,9.41,0.0,5056524.79,252826.24,0,5309351.03,attrition_spike
1,2027-04-01,749.51,9.3,0.0,4994559.99,249728.0,0,5244287.99,attrition_spike
1,2027-05-01,740.32,9.18,0.0,4933354.53,246667.73,0,5180022.25,attrition_spike
1,2027-06-01,731.25,9.07,0.0,4872899.1,243644.96,0,5116544.06,attrition_spike
1,2027-07-01,722.29,8.96,0.0,4813184.53,240659.23,0,5053843.75,attrition_spike
1,2027-08-01,713.44,8.85,0.0,4754201.72,237710.09,0,4991911.8,attrition_spike
2,2026-09-01,785.22,13.78,0.0,5338953.73,266947.69,0,5605901.41,attrition_spike
2,2026-10-01,777.41,13.54,5.73,5285832.77,264291.64,0,5550124.41,attrition_spike
2,2026-11-01,764.0,13.41,0.0,5194678.2,259733.91,0,5454412.11,attrition_spike
2,2026-12-01,750.83,13.18,0.0,5105095.59,255254.78,0,5360350.37,attrition_spike
2,2027-01-01,737.88,12.95,0.0,5017057.85,250852.89,0,5267910.74,attrition_spike
2,2027-02-01,725.15,12.72,0.0,4930538.32,246526.92,0,5177065.24,attrition_spike
2,2027-03-01,718.01,7.15,0.0,4881951.18,244097.56,0,5126048.74,attrition_spike
2,2027-04-01,710.93,7.08,0.0,4833842.84,241692.14,0,5075534.98,attrition_spike
2,2027-05-01,703.93,7.01,0.0,4786208.57,239310.43,0,5025519.0,attrition_spike
2,2027-06-01,696.99,6.94,0.0,4739043.7,236952.19,0,4975995.89,attrition_spike
2,2027-07-01,690.12,6.87,0.0,4692343.61,234617.18,0,4926960.79,attrition_spike
2,2027-08-01,683.32,6.8,0.0,4646103.72,232305.19,0,4878408.91,attrition_spike
3,2026-09-01,706.52,20.48,0.0,4614838.61,230741.93,0,4845580.54,attrition_spike
3,2026-10-01,686.62,19.9,0.0,4484857.69,224242.88,0,4709100.57,attrition_spike
3,2026-11-01,668.18,19.34,0.89,4364375.91,218218.8,0,4582594.7,attrition_spike
3,2026-12-01,649.36,18.82,0.0,4241449.48,212072.47,0,4453521.96,attrition_spike
3,2027-01-01,631.07,18.29,0.0,4121985.39,206099.27,0,4328084.65,attrition_spike
3,2027-02-01,613.29,17.77,0.0,4005886.1,200294.3,0,4206180.4,attrition_spike
3,2027-03-01,603.42,9.87,0.0,3941412.24,197070.61,0,4138482.85,attrition_spike
3,2027-04-01,593.71,9.71,0.0,3877976.08,193898.8,0,4071874.88,attrition_spike
3,2027-05-01,584.16,9.56,0.0,3815560.9,190778.05,0,4006338.95,attrition_spike
3,2027-06-01,574.75,9.4,0.0,3754150.29,187707.51,0,3941857.8,attrition_spike
3,2027-07-01,565.5,9.25,0.0,3693728.07,184686.4,0,3878414.47,attrition_spike
3,2027-08-01,556.4,9.1,0.0,3634278.32,181713.92,0,3815992.24,attrition_spike
4,2026-09-01,408.3,11.7,0.0,2789382.01,139469.1,0,2928851.11,attrition_spike
4,2026-10-01,399.66,11.38,2.74,2730364.84,136518.24,0,2866883.08,attrition_spike
4,2026-11-01,388.52,11.14,0.0,2654285.74,132714.29,0,2787000.03,attrition_spike
4,2026-12-01,377.7,10.83,0.0,2580326.52,129016.33,0,2709342.85,attrition_spike
4,2027-01-01,367.17,10.52,0.0,2508428.1,125421.41,0,2633849.51,attrition_spike
4,2027-02-01,356.94,10.23,0.0,2438533.07,121926.65,0,2560459.72,attrition_spike
4,2027-03-01,351.26,5.68,0.0,2399705.94,119985.3,0,2519691.23,attrition_spike
4,2027-04-01,345.67,5.59,0.0,2361497.03,118074.85,0,2479571.88,attrition_spike
4,2027-05-01,340.16,5.5,0.0,2323896.49,116194.82,0,2440091.32,attrition_spike
4,2027-06-01,334.75,5.42,0.0,2286894.65,114344.73,0,2401239.38,attrition_spike
4,2027-07-01,329.42,5.33,0.0,2250481.95,112524.1,0,2363006.05,attrition_spike
4,2027-08-01,324.17,5.25,0.0,2214649.04,110732.45,0,2325381.49,attrition_spike
1,2026-09-01,860.33,10.67,0.0,5733033.36,286677.65,0,6019711.0,overtime_shift
1,2026-10-01,849.78,10.54,0.0,5662778.33,310288.8,0,5973067.13,overtime_shift
1,2026-11-01,839.37,10.41,0.0,5593384.23,306484.69,0,5899868.93,overtime_shift
1,2026-12-01,829.08,10.29,0.0,5524840.52,302740.31,0,5827580.84,overtime_shift
1,2027-01-01,818.92,10.16,0.0,5457136.78,298994.33,0,5756131.11,overtime_shift
1,2027-02-01,808.89,10.04,0.0,5390262.71,295329.44,0,5685592.15,overtime_shift
1,2027-03-01,798.98,9.91,0.0,5324208.13,291756.14,0,5615964.28,overtime_shift
1,2027-04-01,789.19,9.79,0.0,5258963.02,288140.62,0,5547103.65,overtime_shift
1,2027-05-01,779.51,9.67,0.0,5194517.45,284637.29,0,5479154.75,overtime_shift
1,2027-06-01,769.96,9.55,0.0,5130861.63,281112.08,0,5411973.71,overtime_shift
1,2027-07-01,760.53,9.44,0.0,5067985.87,277719.15,0,5345705.02,overtime_shift
1,2027-08-01,751.21,9.32,0.0,5005880.62,274324.19,0,5280204.81,overtime_shift
2,2026-09-01,791.13,7.87,0.0,5379104.99,268981.78,0,5648086.77,overtime_shift
2,2026-10-01,783.33,7.8,0.0,5326097.53,308446.34,0,5634543.86,overtime_shift
2,2026-11-01,775.61,7.72,0.0,5273612.42,305374.85,0,5578987.27,overtime_shift
2,2026-12-01,767.97,7.64,0.0,5221644.51,302358.15,0,5524002.67,overtime_shift
2,2027-01-01,760.4,7.57,0.0,5170188.72,299401.5,0,5469590.22,overtime_shift
2,2027-02-01,752.91,7.49,0.0,5119239.99,296436.54,0,5415676.52,overtime_shift
2,2027-03-01,745.49,7.42,0.0,5068793.32,293541.98,0,5362335.3,overtime_shift
2,2027-04-01,738.14,7.35,0.0,5018843.77,290649.39,0,5309493.16,overtime_shift
2,2027-05-01,730.87,7.27,0.0,4969386.44,287763.8,0,5257150.25,overtime_shift
2,2027-06-01,723.67,7.2,0.0,4920416.48,284963.79,0,5205380.27,overtime_shift
2,2027-07-01,716.53,7.13,0.0,4871929.09,282107.2,0,5154036.28,overtime_shift
2,2027-08-01,709.47,7.06,0.0,4823919.5,279346.03,0,5103265.54,overtime_shift
3,2026-09-01,715.3,11.7,0.0,4672159.21,233614.36,0,4905773.56,overtime_shift
3,2026-10-01,703.79,11.51,0.0,4596961.83,229872.73,0,4826834.56,overtime_shift
3,2026-11-01,692.46,11.33,0.0,4522974.74,232442.61,0,4755417.35,overtime_shift
3,2026-12-01,681.31,11.14,0.0,4450178.45,228696.66,0,4678875.12,overtime_shift
3,2027-01-01,670.35,10.97,0.0,4378553.81,225013.71,0,4603567.52,overtime_shift
3,2027-02-01,659.56,10.79,0.0,4308081.95,221413.2,0,4529495.15,overtime_shift
3,2027-03-01,648.94,10.62,0.0,4238744.32,217843.63,0,4456587.94,overtime_shift
3,2027-04-01,638.5,10.44,0.0,4170522.66,214323.82,0,4384846.47,overtime_shift
3,2027-05-01,628.22,10.28,0.0,4103399.01,210872.31,0,4314271.32,overtime_shift
3,2027-06-01,618.11,10.11,0.0,4037355.7,207507.33,0,4244863.04,overtime_shift
3,2027-07-01,608.16,9.95,0.0,3972375.35,204176.17,0,4176551.52,overtime_shift
3,2027-08-01,598.38,9.79,0.0,3908440.84,200896.48,0,4109337.32,overtime_shift
4,2026-09-01,413.31,6.69,0.0,2823646.86,141182.34,0,2964829.2,overtime_shift
4,2026-10-01,406.73,6.58,0.0,2778687.82,159170.57,0,2937858.39,overtime_shift
4,2026-11-01,400.26,6.48,0.0,2734444.64,156634.11,0,2891078.75,overtime_shift
4,2026-12-01,393.88,6.37,0.0,2690905.91,154109.85,0,2845015.76,overtime_shift
4,2027-01-01,387.61,6.27,0.0,2648060.42,151683.27,0,2799743.69,overtime_shift
4,2027-02-01,381.44,6.17,0.0,2605897.12,149291.85,0,2755188.98,overtime_shift
4,2027-03-01,375.37,6.07,0.0,2564405.17,146872.91,0,2711278.08,overtime_shift
4,2027-04-01,369.39,5.98,0.0,2523573.86,144585.26,0,2668159.13,overtime_shift
4,2027-05-01,363.51,5.88,0.0,2483392.69,142218.07,0,2625610.75,overtime_shift
4,2027-06-01,357.72,5.79,0.0,2443851.29,140003.7,0,2583854.99,overtime_shift
4,2027-07-01,352.02,5.7,0.0,2404939.48,137730.98,0,2542670.46,overtime_shift
4,2027-08-01,346.42,5.61,0.0,2366647.24,135558.04,0,2502205.29,overtime_shift
1,2026-09-01,865.33,10.67,5.0,5766352.3,288317.61,25000,6079669.91,accelerated_hiring
1,2026-10-01,863.49,10.6,8.77,5754107.61,287705.38,25000,6066812.99,accelerated_hiring
1,2026-11-01,857.91,10.58,5.0,5716913.27,285845.66,25000,6027758.93,accelerated_hiring
1,2026-12-01,852.39,10.51,5.0,5680174.73,284008.74,25000,5989183.46,accelerated_hiring
1,2027-01-01,846.95,10.45,5.0,5643886.39,282194.32,25000,5951080.71,accelerated_hiring
1,2027-02-01,841.57,10.38,5.0,5608042.75,280402.14,25000,5913444.89,accelerated_hiring
1,2027-03-01,836.26,10.31,5.0,5572638.36,278631.92,25000,5876270.27,accelerated_hiring
1,2027-04-01,831.01,10.25,5.0,5537667.82,276883.39,25000,5839551.21,accelerated_hiring
1,2027-05-01,825.83,10.18,5.0,5503125.83,275156.29,25000,5803282.12,accelerated_hiring
1,2027-06-01,820.71,10.12,5.0,5469007.13,273450.36,25000,5767457.48,accelerated_hiring
1,2027-07-01,815.65,10.06,5.0,5435306.53,271765.33,25000,5732071.86,accelerated_hiring
1,2027-08-01,810.65,10.0,5.0,5402018.92,270100.95,25000,5697119.86,accelerated_hiring
2,2026-09-01,796.13,7.87,5.0,5413101.48,270655.07,25000,5708756.56,accelerated_hiring
2,2026-10-01,799.01,7.85,10.73,5432705.19,271635.26,25000,5729340.45,accelerated_hiring
2,2026-11-01,796.14,7.87,5.0,5413166.03,270658.3,25000,5708824.33,accelerated_hiring
2,2026-12-01,793.29,7.85,5.0,5393819.42,269690.97,25000,5688510.39,accelerated_hiring
2,2027-01-01,790.47,7.82,5.0,5374663.45,268733.17,25000,5668396.62,accelerated_hiring
2,2027-02-01,787.68,7.79,5.0,5355696.25,267784.81,25000,5648481.07,accelerated_hiring
2,2027-03-01,784.92,7.76,5.0,5336915.97,266845.8,25000,5628761.76,accelerated_hiring
2,2027-04-01,782.19,7.73,5.0,5318320.74,265916.04,25000,5609236.78,accelerated_hiring
2,2027-05-01,779.48,7.71,5.0,5299908.77,264995.44,25000,5589904.2,accelerated_hiring
2,2027-06-01,776.8,7.68,5.0,5281678.23,264083.91,25000,5570762.14,accelerated_hiring
2,2027-07-01,774.14,7.65,5.0,5263627.34,263181.37,25000,5551808.7,accelerated_hiring
2,2027-08-01,771.51,7.63,5.0,5245754.32,262287.72,25000,5533042.04,accelerated_hiring
3,2026-09-01,720.3,11.7,5.0,4704817.99,235240.9,25000,4965058.89,accelerated_hiring
3,2026-10-01,713.71,11.59,5.0,4661753.76,233087.69,25000,4919841.44,accelerated_hiring
3,2026-11-01,708.11,11.49,5.89,4625220.75,231261.04,25000,4881481.79,accelerated_hiring
3,2026-12-01,701.72,11.4,5.0,4583437.62,229171.88,25000,4837609.5,accelerated_hiring
3,2027-01-01,695.42,11.29,5.0,4542326.98,227116.35,25000,4794443.33,accelerated_hiring
3,2027-02-01,689.23,11.19,5.0,4501878.0,225093.9,25000,4751971.9,accelerated_hiring
3,2027-03-01,683.14,11.09,5.0,4462080.05,223104.0,25000,4710184.05,accelerated_hiring
3,2027-04-01,677.14,10.99,5.0,4422922.63,221146.13,25000,4669068.76,accelerated_hiring
3,2027-05-01,671.24,10.9,5.0,4384395.44,219219.77,25000,4628615.21,accelerated_hiring
3,2027-06-01,665.44,10.8,5.0,4346488.34,217324.42,25000,4588812.76,accelerated_hiring
3,2027-07-01,659.73,10.71,5.0,4309191.34,215459.57,25000,4549650.91,accelerated_hiring
3,2027-08-01,654.11,10.62,5.0,4272494.64,213624.73,25000,4511119.37,accelerated_hiring
4,2026-09-01,418.31,6.69,5.0,2857805.59,142890.28,25000,3025695.87,accelerated_hiring
4,2026-10-01,419.39,6.66,7.74,2865167.79,143258.39,25000,3033426.18,accelerated_hiring
4,2026-11-01,417.71,6.68,5.0,2853706.37,142685.32,25000,3021391.69,accelerated_hiring
4,2026-12-01,416.06,6.65,5.0,2842427.45,142121.37,25000,3009548.82,accelerated_hiring
4,2027-01-01,414.44,6.62,5.0,2831328.11,141566.41,25000,2997894.52,accelerated_hiring
4,2027-02-01,412.84,6.6,5.0,2820405.5,141020.27,25000,2986425.77,accelerated_hiring
4,2027-03-01,411.26,6.57,5.0,2809656.8,140482.84,25000,2975139.64,accelerated_hiring
4,2027-04-01,409.72,6.55,5.0,2799079.25,139953.96,25000,2964033.21,accelerated_hiring
4,2027-05-01,408.19,6.52,5.0,2788670.12,139433.51,25000,2953103.62,accelerated_hiring
4,2027-06-01,406.69,6.5,5.0,2778426.72,138921.34,25000,2942348.06,accelerated_hiring
4,2027-07-01,405.22,6.48,5.0,2768346.42,138417.32,25000,2931763.74,accelerated_hiring
4,2027-08-01,403.77,6.45,5.0,2758426.63,137921.33,25000,2921347.96,accelerated_hiring
1,2026-09-01,852.32,18.68,0.0,5679688.37,283984.42,0,5963672.79,spike_plus_freeze
1,2026-10-01,834.04,18.28,0.0,5557886.07,277894.3,0,5835780.37,spike_plus_freeze
1,2026-11-01,816.16,17.89,0.0,5438695.84,271934.79,0,5710630.64,spike_plus_freeze
1,2026-12-01,798.65,17.5,0.0,5322061.68,266103.08,0,5588164.77,spike_plus_freeze
1,2027-01-01,781.53,17.13,0.0,5207928.77,260396.44,0,5468325.21,spike_plus_freeze
1,2027-02-01,764.77,16.76,0.0,5096243.47,254812.17,0,5351055.64,spike_plus_freeze
1,2027-03-01,755.39,9.37,0.0,5033791.93,251689.6,0,5285481.53,spike_plus_freeze
1,2027-04-01,746.14,9.26,0.0,4972105.71,248605.29,0,5220710.99,spike_plus_freeze
1,2027-05-01,736.99,9.14,0.0,4911175.41,245558.77,0,5156734.18,spike_plus_freeze
1,2027-06-01,727.96,9.03,0.0,4850991.78,242549.59,0,5093541.37,spike_plus_freeze
1,2027-07-01,719.04,8.92,0.0,4791545.66,239577.28,0,5031122.95,spike_plus_freeze
1,2027-08-01,710.23,8.81,0.0,4732828.02,236641.4,0,4969469.43,spike_plus_freeze
2,2026-09-01,785.22,13.78,0.0,5338953.73,266947.69,0,5605901.41,spike_plus_freeze
2,2026-10-01,771.68,13.54,0.0,5246883.08,262344.15,0,5509227.24,spike_plus_freeze
2,2026-11-01,758.37,13.31,0.0,5156400.2,257820.01,0,5414220.21,spike_plus_freeze
2,2026-12-01,745.29,13.08,0.0,5067477.7,253373.89,0,5320851.59,spike_plus_freeze
2,2027-01-01,732.44,12.85,0.0,4980088.68,249004.43,0,5229093.12,spike_plus_freeze
2,2027-02-01,719.81,12.63,0.0,4894206.69,244710.33,0,5138917.02,spike_plus_freeze
2,2027-03-01,712.72,7.09,0.0,4845977.57,242298.88,0,5088276.45,spike_plus_freeze
2,2027-04-01,705.69,7.02,0.0,4798223.73,239911.19,0,5038134.91,spike_plus_freeze
2,2027-05-01,698.74,6.95,0.0,4750940.46,237547.02,0,4988487.48,spike_plus_freeze
2,2027-06-01,691.85,6.89,0.0,4704123.14,235206.16,0,4939329.29,spike_plus_freeze
2,2027-07-01,685.04,6.82,0.0,4657767.17,232888.36,0,4890655.52,spike_plus_freeze
2,2027-08-01,678.29,6.75,0.0,4611868.0,230593.4,0,4842461.4,spike_plus_freeze
3,2026-09-01,706.52,20.48,0.0,4614838.61,230741.93,0,4845580.54,spike_plus_freeze
3,2026-10-01,686.62,19.9,0.0,4484857.69,224242.88,0,4709100.57,spike_plus_freeze
3,2026-11-01,667.28,19.34,0.0,4358537.79,217926.89,0,4576464.68,spike_plus_freeze
3,2026-12-01,648.49,18.79,0.0,4235775.8,211788.79,0,4447564.59,spike_plus_freeze
3,2027-01-01,630.22,18.27,0.0,4116471.51,205823.58,0,4322295.08,spike_plus_freeze
3,2027-02-01,612.47,17.75,0.0,4000527.52,200026.38,0,4200553.9,spike_plus_freeze
3,2027-03-01,602.62,9.86,0.0,3936139.91,196807.0,0,4132946.91,spike_plus_freeze
3,2027-04-01,592.92,9.7,0.0,3872788.6,193639.43,0,4066428.03,spike_plus_freeze
3,2027-05-01,583.37,9.54,0.0,3810456.92,190522.85,0,4000979.77,spike_plus_freeze
3,2027-06-01,573.98,9.39,0.0,3749128.46,187456.42,0,3936584.88,spike_plus_freeze
3,2027-07-01,564.75,9.24,0.0,3688787.06,184439.35,0,3873226.41,spike_plus_freeze
3,2027-08-01,555.66,9.09,0.0,3629416.84,181470.84,0,3810887.68,spike_plus_freeze
4,2026-09-01,408.3,11.7,0.0,2789382.01,139469.1,0,2928851.11,spike_plus_freeze
4,2026-10-01,396.92,11.38,0.0,2711658.45,135582.92,0,2847241.37,spike_plus_freeze
4,2026-11-01,385.86,11.06,0.0,2636100.59,131805.03,0,2767905.62,spike_plus_freeze
4,2026-12-01,375.11,10.75,0.0,2562648.08,128132.4,0,2690780.48,spike_plus_freeze
4,2027-01-01,364.66,10.45,0.0,2491242.25,124562.11,0,2615804.36,spike_plus_freeze
4,2027-02-01,354.5,10.16,0.0,2421826.08,121091.3,0,2542917.39,spike_plus_freeze
4,2027-03-01,348.85,5.64,0.0,2383264.97,119163.25,0,2502428.22,spike_plus_freeze
4,2027-04-01,343.3,5.55,0.0,2345317.84,117265.89,0,2462583.73,spike_plus_freeze
4,2027-05-01,337.83,5.47,0.0,2307974.91,115398.75,0,2423373.66,spike_plus_freeze
4,2027-06-01,332.45,5.38,0.0,2271226.57,113561.33,0,2384787.9,spike_plus_freeze
4,2027-07-01,327.16,5.29,0.0,2235063.36,111753.17,0,2346816.52,spike_plus_freeze
4,2027-08-01,321.95,5.21,0.0,2199475.94,109973.8,0,2309449.74,spike_plus_freeze
1,2026-09-01,856.02,14.98,0.0,5704316.82,285215.84,0,5989532.66,attrition_spike_fab_ops
1,2026-10-01,844.98,14.8,3.77,5630796.86,281539.84,0,5912336.7,attrition_spike_fab_ops
1,2026-11-01,830.32,14.66,0.0,5533078.15,276653.91,0,5809732.05,attrition_spike_fab_ops
1,2026-12-01,815.84,14.48,0.0,5436556.92,271827.85,0,5708384.77,attrition_spike_fab_ops
1,2027-01-01,801.53,14.31,0.0,5341218.51,267060.93,0,5608279.43,attrition_spike_fab_ops
1,2027-02-01,787.4,14.13,0.0,5247048.41,262352.42,0,5509400.83,attrition_spike_fab_ops
1,2027-03-01,777.75,9.65,0.0,5182748.85,259137.44,0,5441886.29,attrition_spike_fab_ops
1,2027-04-01,768.22,9.53,0.0,5119237.24,255961.86,0,5375199.1,attrition_spike_fab_ops
1,2027-05-01,758.8,9.41,0.0,5056503.93,252825.2,0,5309329.12,attrition_spike_fab_ops
1,2027-06-01,749.5,9.3,0.0,4994539.38,249726.97,0,5244266.35,attrition_spike_fab_ops
1,2027-07-01,740.32,9.18,0.0,4933334.17,246666.71,0,5180000.88,attrition_spike_fab_ops
1,2027-08-01,731.25,9.07,0.0,4872879.0,243643.95,0,5116522.95,attrition_spike_fab_ops
2,2026-09-01,788.93,10.07,0.0,5364153.81,268207.69,0,5632361.5,attrition_spike_fab_ops
2,2026-10-01,784.68,9.97,5.73,5335292.19,266764.61,0,5602056.8,attrition_spike_fab_ops
2,2026-11-01,774.75,9.93,0.0,5267765.29,263388.26,0,5531153.56,attrition_spike_fab_ops
2,2026-12-01,764.92,9.83,0.0,5200903.83,260045.19,0,5460949.02,attrition_spike_fab_ops
2,2027-01-01,755.18,9.74,0.0,5134701.24,256735.06,0,5391436.3,attrition_spike_fab_ops
2,2027-02-01,745.54,9.64,0.0,5069151.03,253457.55,0,5322608.59,attrition_spike_fab_ops
2,2027-03-01,738.19,7.35,0.0,5019197.96,250959.9,0,5270157.86,attrition_spike_fab_ops
2,2027-04-01,730.92,7.27,0.0,4969737.14,248486.86,0,5218224.0,attrition_spike_fab_ops
2,2027-05-01,723.72,7.2,0.0,4920763.72,246038.19,0,5166801.91,attrition_spike_fab_ops
2,2027-06-01,716.58,7.13,0.0,4872272.91,243613.65,0,5115886.55,attrition_spike_fab_ops
2,2027-07-01,709.52,7.06,0.0,4824259.94,241213.0,0,5065472.93,attrition_spike_fab_ops
2,2027-08-01,702.53,6.99,0.0,4776720.1,238836.0,0,5015556.1,attrition_spike_fab_ops
3,2026-09-01,710.79,16.21,0.0,4642691.87,232134.59,0,4874826.47,attrition_spike_fab_ops
3,2026-10-01,694.84,15.95,0.0,4538501.43,226925.07,0,4765426.51,attrition_spike_fab_ops
3,2026-11-01,680.04,15.69,0.89,4441826.03,222091.3,0,4663917.34,attrition_spike_fab_ops
3,2026-12-01,664.58,15.46,0.0,4340868.49,217043.42,0,4557911.91,attrition_spike_fab_ops
3,2027-01-01,649.37,15.21,0.0,4241535.83,212076.79,0,4453612.62,attrition_spike_fab_ops
3,2027-02-01,634.41,14.96,0.0,4143801.91,207190.1,0,4350992.0,attrition_spike_fab_ops
3,2027-03-01,624.2,10.21,0.0,4077108.33,203855.42,0,4280963.74,attrition_spike_fab_ops
3,2027-04-01,614.15,10.05,0.0,4011488.16,200574.41,0,4212062.57,attrition_spike_fab_ops
3,2027-05-01,604.27,9.88,0.0,3946924.14,197346.21,0,4144270.35,attrition_spike_fab_ops
3,2027-06-01,594.54,9.73,0.0,3883399.26,194169.96,0,4077569.23,attrition_spike_fab_ops
3,2027-07-01,584.97,9.57,0.0,3820896.81,191044.84,0,4011941.65,attrition_spike_fab_ops
3,2027-08-01,575.56,9.42,0.0,3759400.31,187970.02,0,3947370.33,attrition_spike_fab_ops
4,2026-09-01,411.58,8.42,0.0,2811826.92,140591.35,0,2952418.27,attrition_spike_fab_ops
4,2026-10-01,406.04,8.28,2.74,2773942.54,138697.13,0,2912639.66,attrition_spike_fab_ops
4,2026-11-01,397.84,8.2,0.0,2717954.97,135897.75,0,2853852.72,attrition_spike_fab_ops
4,2026-12-01,389.78,8.06,0.0,2662858.85,133142.94,0,2796001.79,attrition_spike_fab_ops
4,2027-01-01,381.84,7.94,0.0,2608639.99,130432.0,0,2739071.99,attrition_spike_fab_ops
4,2027-02-01,374.03,7.81,0.0,2555284.43,127764.22,0,2683048.65,attrition_spike_fab_ops
4,2027-03-01,368.08,5.96,0.0,2514598.34,125729.92,0,2640328.26,attrition_spike_fab_ops
4,2027-04-01,362.21,5.86,0.0,2474560.08,123728.0,0,2598288.08,attrition_spike_fab_ops
4,2027-05-01,356.45,5.77,0.0,2435159.32,121757.97,0,2556917.28,attrition_spike_fab_ops
4,2027-06-01,350.77,5.68,0.0,2396385.91,119819.3,0,2516205.2,attrition_spike_fab_ops
4,2027-07-01,345.19,5.59,0.0,2358229.86,117911.49,0,2476141.35,attrition_spike_fab_ops
4,2027-08-01,339.69,5.5,0.0,2320681.34,116034.07,0,2436715.41,attrition_spike_fab_ops
