fiscal_month,site_id,job_family,avg_headcount,terminations,annualized_rate,annualized_rate_3mo_avg
2023-09-01,1,Engineering,105.0,1,0.1143,0.1143
2023-10-01,1,Engineering,107.0,0,0.0,0.0572
2023-11-01,1,Engineering,107.0,1,0.1121,0.0755
2023-12-01,1,Engineering,107.0,0,0.0,0.0374
2024-01-01,1,Engineering,106.5,1,0.1127,0.0749
2024-02-01,1,Engineering,105.5,1,0.1137,0.0755
2024-03-01,1,Engineering,105.0,0,0.0,0.0755
2024-04-01,1,Engineering,105.0,0,0.0,0.0379
2024-05-01,1,Engineering,105.0,0,0.0,0.0
2024-06-01,1,Engineering,104.5,1,0.1148,0.0383
2024-07-01,1,Engineering,102.5,3,0.3512,0.1553
2024-08-01,1,Engineering,102.5,2,0.2341,0.2334
2024-09-01,1,Engineering,105.5,1,0.1137,0.233
2024-10-01,1,Engineering,106.5,1,0.1127,0.1535
2024-11-01,1,Engineering,106.0,1,0.1132,0.1132
2024-12-01,1,Engineering,105.0,2,0.2286,0.1515
2025-01-01,1,Engineering,104.0,0,0.0,0.1139
2025-02-01,1,Engineering,103.5,1,0.1159,0.1148
2025-03-01,1,Engineering,103.0,0,0.0,0.0386
2025-04-01,1,Engineering,103.0,0,0.0,0.0386
2025-05-01,1,Engineering,103.0,0,0.0,0.0
2025-06-01,1,Engineering,103.0,0,0.0,0.0
2025-07-01,1,Engineering,103.0,0,0.0,0.0
2025-08-01,1,Engineering,103.0,1,0.1165,0.0388
2025-09-01,1,Engineering,105.5,0,0.0,0.0388
2025-10-01,1,Engineering,108.0,1,0.1111,0.0759
2025-11-01,1,Engineering,108.5,0,0.0,0.037
2025-12-01,1,Engineering,109.0,0,0.0,0.037
2026-01-01,1,Engineering,108.5,1,0.1106,0.0369
2026-02-01,1,Engineering,106.5,3,0.338,0.1495
2026-03-01,1,Engineering,104.5,1,0.1148,0.1878
2026-04-01,1,Engineering,103.0,2,0.233,0.2286
2026-05-01,1,Engineering,102.0,0,0.0,0.1159
2026-06-01,1,Engineering,101.0,2,0.2376,0.1569
2026-07-01,1,Engineering,100.5,1,0.1194,0.119
2026-08-01,1,Engineering,104.0,0,0.0,0.119
2023-09-01,1,Fab Operations,389.0,6,0.1851,0.1851
2023-10-01,1,Fab Operations,397.5,1,0.0302,0.1077
2023-11-01,1,Fab Operations,401.5,3,0.0897,0.1017
2023-12-01,1,Fab Operations,398.5,5,0.1506,0.0902
2024-01-01,1,Fab Operations,393.5,5,0.1525,0.1309
2024-02-01,1,Fab Operations,388.5,5,0.1544,0.1525
2024-03-01,1,Fab Operations,385.0,2,0.0623,0.1231
2024-04-01,1,Fab Operations,383.5,1,0.0313,0.0827
2024-05-01,1,Fab Operations,381.5,3,0.0944,0.0627
2024-06-01,1,Fab Operations,377.0,6,0.191,0.1056
2024-07-01,1,Fab Operations,371.5,5,0.1615,0.149
2024-08-01,1,Fab Operations,374.5,6,0.1923,0.1816
2024-09-01,1,Fab Operations,385.0,5,0.1558,0.1699
2024-10-01,1,Fab Operations,393.5,1,0.0305,0.1262
2024-11-01,1,Fab Operations,397.0,7,0.2116,0.1326
2024-12-01,1,Fab Operations,393.0,6,0.1832,0.1418
2025-01-01,1,Fab Operations,387.0,6,0.186,0.1936
2025-02-01,1,Fab Operations,380.5,7,0.2208,0.1967
2025-03-01,1,Fab Operations,375.0,4,0.128,0.1783
2025-04-01,1,Fab Operations,370.5,5,0.1619,0.1702
2025-05-01,1,Fab Operations,366.5,3,0.0982,0.1294
2025-06-01,1,Fab Operations,364.0,2,0.0659,0.1087
2025-07-01,1,Fab Operations,362.0,2,0.0663,0.0768
2025-08-01,1,Fab Operations,364.5,6,0.1975,0.1099
2025-09-01,1,Fab Operations,371.5,3,0.0969,0.1202
2025-10-01,1,Fab Operations,380.0,5,0.1579,0.1508
2025-11-01,1,Fab Operations,381.5,2,0.0629,0.1059
2025-12-01,1,Fab Operations,376.5,9,0.2869,0.1692
2026-01-01,1,Fab Operations,368.5,7,0.228,0.1926
2026-02-01,1,Fab Operations,362.5,5,0.1655,0.2268
2026-03-01,1,Fab Operations,357.0,6,0.2017,0.1984
2026-04-01,1,Fab Operations,351.5,5,0.1707,0.1793
2026-05-01,1,Fab Operations,346.5,5,0.1732,0.1819
2026-06-01,1,Fab Operations,339.0,10,0.354,0.2326
2026-07-01,1,Fab Operations,337.0,4,0.1424,0.2232
2026-08-01,1,Fab Operations,346.0,4,0.1387,0.2117
2023-09-01,1,Facilities,82.5,1,0.1455,0.1455
2023-10-01,1,Facilities,83.0,0,0.0,0.0728
2023-11-01,1,Facilities,83.0,1,0.1446,0.0967
2023-12-01,1,Facilities,82.5,1,0.1455,0.0967
2024-01-01,1,Facilities,81.5,1,0.1472,0.1458
2024-02-01,1,Facilities,81.0,0,0.0,0.0976
2024-03-01,1,Facilities,81.0,0,0.0,0.0491
2024-04-01,1,Facilities,81.0,0,0.0,0.0
2024-05-01,1,Facilities,81.0,0,0.0,0.0
2024-06-01,1,Facilities,80.5,1,0.1491,0.0497
2024-07-01,1,Facilities,79.5,1,0.1509,0.1
2024-08-01,1,Facilities,80.0,0,0.0,0.1
2024-09-01,1,Facilities,81.5,1,0.1472,0.0994
2024-10-01,1,Facilities,82.0,0,0.0,0.0491
2024-11-01,1,Facilities,82.0,1,0.1463,0.0978
2024-12-01,1,Facilities,80.5,3,0.4472,0.1978
2025-01-01,1,Facilities,79.0,0,0.0,0.1978
2025-02-01,1,Facilities,79.0,0,0.0,0.1491
2025-03-01,1,Facilities,78.5,1,0.1529,0.051
2025-04-01,1,Facilities,77.5,1,0.1548,0.1026
2025-05-01,1,Facilities,77.0,0,0.0,0.1026
2025-06-01,1,Facilities,76.5,1,0.1569,0.1039
2025-07-01,1,Facilities,76.0,0,0.0,0.0523
2025-08-01,1,Facilities,77.5,0,0.0,0.0523
2025-09-01,1,Facilities,79.0,1,0.1519,0.0506
2025-10-01,1,Facilities,79.5,0,0.0,0.0506
2025-11-01,1,Facilities,79.5,1,0.1509,0.1009
2025-12-01,1,Facilities,78.5,1,0.1529,0.1013
2026-01-01,1,Facilities,77.5,1,0.1548,0.1529
2026-02-01,1,Facilities,77.0,0,0.0,0.1026
2026-03-01,1,Facilities,76.0,2,0.3158,0.1569
2026-04-01,1,Facilities,73.5,3,0.4898,0.2685
2026-05-01,1,Facilities,72.0,0,0.0,0.2685
2026-06-01,1,Facilities,72.0,0,0.0,0.1633
2026-07-01,1,Facilities,72.5,0,0.0,0.0
2026-08-01,1,Facilities,73.5,0,0.0,0.0
2023-09-01,1,Quality,80.0,3,0.45,0.45
2023-10-01,1,Quality,80.5,1,0.1491,0.2996
2023-11-01,1,Quality,79.5,1,0.1509,0.25
2023-12-01,1,Quality,79.0,0,0.0,0.1
2024-01-01,1,Quality,79.0,0,0.0,0.0503
2024-02-01,1,Quality,79.0,0,0.0,0.0
2024-03-01,1,Quality,79.0,0,0.0,0.0
2024-04-01,1,Quality,79.0,0,0.0,0.0
2024-05-01,1,Quality,79.0,0,0.0,0.0
2024-06-01,1,Quality,79.0,0,0.0,0.0
2024-07-01,1,Quality,78.5,1,0.1529,0.051
2024-08-01,1,Quality,77.5,5,0.7742,0.309
2024-09-01,1,Quality,76.0,1,0.1579,0.3617
2024-10-01,1,Quality,76.5,1,0.1569,0.363
2024-11-01,1,Quality,78.5,0,0.0,0.1049
2024-12-01,1,Quality,80.0,0,0.0,0.0523
2025-01-01,1,Quality,80.0,0,0.0,0.0
2025-02-01,1,Quality,80.0,0,0.0,0.0
2025-03-01,1,Quality,79.5,1,0.1509,0.0503
2025-04-01,1,Quality,79.0,0,0.0,0.0503
2025-05-01,1,Quality,78.0,2,0.3077,0.1529
2025-06-01,1,Quality,76.5,1,0.1569,0.1549
2025-07-01,1,Quality,76.0,0,0.0,0.1549
2025-08-01,1,Quality,76.5,2,0.3137,0.1569
2025-09-01,1,Quality,77.5,0,0.0,0.1046
2025-10-01,1,Quality,78.0,1,0.1538,0.1558
2025-11-01,1,Quality,78.5,0,0.0,0.0513
2025-12-01,1,Quality,79.0,0,0.0,0.0513
2026-01-01,1,Quality,79.0,0,0.0,0.0
2026-02-01,1,Quality,78.5,1,0.1529,0.051
2026-03-01,1,Quality,78.0,0,0.0,0.051
2026-04-01,1,Quality,78.0,0,0.0,0.051
2026-05-01,1,Quality,78.0,0,0.0,0.0
2026-06-01,1,Quality,77.5,1,0.1548,0.0516
2026-07-01,1,Quality,77.5,1,0.1548,0.1032
2026-08-01,1,Quality,78.0,1,0.1538,0.1545
2023-09-01,1,Supply Chain,89.5,0,0.0,0.0
2023-10-01,1,Supply Chain,94.0,0,0.0,0.0
2023-11-01,1,Supply Chain,94.0,0,0.0,0.0
2023-12-01,1,Supply Chain,93.5,1,0.1283,0.0428
2024-01-01,1,Supply Chain,92.0,2,0.2609,0.1297
2024-02-01,1,Supply Chain,91.0,0,0.0,0.1297
2024-03-01,1,Supply Chain,90.5,1,0.1326,0.1312
2024-04-01,1,Supply Chain,90.0,0,0.0,0.0442
2024-05-01,1,Supply Chain,88.5,3,0.4068,0.1798
2024-06-01,1,Supply Chain,86.5,1,0.1387,0.1818
2024-07-01,1,Supply Chain,85.0,2,0.2824,0.276
2024-08-01,1,Supply Chain,85.5,1,0.1404,0.1872
2024-09-01,1,Supply Chain,87.0,0,0.0,0.1409
2024-10-01,1,Supply Chain,87.5,0,0.0,0.0468
2024-11-01,1,Supply Chain,88.0,1,0.1364,0.0455
2024-12-01,1,Supply Chain,88.0,0,0.0,0.0455
2025-01-01,1,Supply Chain,88.0,0,0.0,0.0455
2025-02-01,1,Supply Chain,87.5,1,0.1371,0.0457
2025-03-01,1,Supply Chain,85.5,3,0.4211,0.1861
2025-04-01,1,Supply Chain,84.0,0,0.0,0.1861
2025-05-01,1,Supply Chain,83.5,1,0.1437,0.1883
2025-06-01,1,Supply Chain,83.0,0,0.0,0.0479
2025-07-01,1,Supply Chain,83.0,0,0.0,0.0479
2025-08-01,1,Supply Chain,86.0,0,0.0,0.0
2025-09-01,1,Supply Chain,88.5,0,0.0,0.0
2025-10-01,1,Supply Chain,88.5,1,0.1356,0.0452
2025-11-01,1,Supply Chain,88.0,0,0.0,0.0452
2025-12-01,1,Supply Chain,88.0,0,0.0,0.0452
2026-01-01,1,Supply Chain,87.5,1,0.1371,0.0457
2026-02-01,1,Supply Chain,87.0,0,0.0,0.0457
2026-03-01,1,Supply Chain,86.5,1,0.1387,0.0919
2026-04-01,1,Supply Chain,86.0,0,0.0,0.0462
2026-05-01,1,Supply Chain,86.0,0,0.0,0.0462
2026-06-01,1,Supply Chain,86.0,0,0.0,0.0
2026-07-01,1,Supply Chain,87.5,0,0.0,0.0
2026-08-01,1,Supply Chain,89.5,2,0.2682,0.0894
2023-09-01,1,Test & Assembly,191.5,2,0.1253,0.1253
2023-10-01,1,Test & Assembly,196.0,0,0.0,0.0627
2023-11-01,1,Test & Assembly,197.5,3,0.1823,0.1025
2023-12-01,1,Test & Assembly,196.0,2,0.1224,0.1016
2024-01-01,1,Test & Assembly,194.5,1,0.0617,0.1221
2024-02-01,1,Test & Assembly,193.0,2,0.1244,0.1028
2024-03-01,1,Test & Assembly,190.0,4,0.2526,0.1462
2024-04-01,1,Test & Assembly,187.5,1,0.064,0.147
2024-05-01,1,Test & Assembly,185.5,3,0.1941,0.1702
2024-06-01,1,Test & Assembly,182.5,3,0.1973,0.1518
2024-07-01,1,Test & Assembly,180.5,1,0.0665,0.1526
2024-08-01,1,Test & Assembly,183.0,4,0.2623,0.1754
2024-09-01,1,Test & Assembly,187.5,2,0.128,0.1523
2024-10-01,1,Test & Assembly,190.0,0,0.0,0.1301
2024-11-01,1,Test & Assembly,189.0,4,0.254,0.1273
2024-12-01,1,Test & Assembly,186.0,2,0.129,0.1277
2025-01-01,1,Test & Assembly,184.0,2,0.1304,0.1711
2025-02-01,1,Test & Assembly,182.0,2,0.1319,0.1304
2025-03-01,1,Test & Assembly,180.0,2,0.1333,0.1319
2025-04-01,1,Test & Assembly,178.5,1,0.0672,0.1108
2025-05-01,1,Test & Assembly,177.0,2,0.1356,0.112
2025-06-01,1,Test & Assembly,175.5,1,0.0684,0.0904
2025-07-01,1,Test & Assembly,173.5,4,0.2767,0.1602
2025-08-01,1,Test & Assembly,175.5,1,0.0684,0.1378
2025-09-01,1,Test & Assembly,179.5,2,0.1337,0.1596
2025-10-01,1,Test & Assembly,182.5,1,0.0658,0.0893
2025-11-01,1,Test & Assembly,183.0,2,0.1311,0.1102
2025-12-01,1,Test & Assembly,181.0,2,0.1326,0.1098
2026-01-01,1,Test & Assembly,178.5,3,0.2017,0.1551
2026-02-01,1,Test & Assembly,175.0,4,0.2743,0.2029
2026-03-01,1,Test & Assembly,172.0,2,0.1395,0.2052
2026-04-01,1,Test & Assembly,171.0,0,0.0,0.1379
2026-05-01,1,Test & Assembly,170.5,1,0.0704,0.07
2026-06-01,1,Test & Assembly,168.5,3,0.2136,0.0947
2026-07-01,1,Test & Assembly,168.5,4,0.2849,0.1896
2026-08-01,1,Test & Assembly,170.5,2,0.1408,0.2131
2023-09-01,2,Engineering,94.5,0,0.0,0.0
2023-10-01,2,Engineering,99.0,0,0.0,0.0
2023-11-01,2,Engineering,99.0,1,0.1212,0.0404
2023-12-01,2,Engineering,98.0,2,0.2449,0.122
2024-01-01,2,Engineering,97.0,0,0.0,0.122
2024-02-01,2,Engineering,96.5,1,0.1244,0.1231
2024-03-01,2,Engineering,95.5,1,0.1257,0.0834
2024-04-01,2,Engineering,94.0,2,0.2553,0.1685
2024-05-01,2,Engineering,92.5,1,0.1297,0.1702
2024-06-01,2,Engineering,91.5,2,0.2623,0.2158
2024-07-01,2,Engineering,92.5,0,0.0,0.1307
2024-08-01,2,Engineering,96.0,0,0.0,0.0874
2024-09-01,2,Engineering,99.5,0,0.0,0.0
2024-10-01,2,Engineering,102.0,0,0.0,0.0
2024-11-01,2,Engineering,103.0,0,0.0,0.0
2024-12-01,2,Engineering,102.5,1,0.1171,0.039
2025-01-01,2,Engineering,100.5,3,0.3582,0.1584
2025-02-01,2,Engineering,98.5,1,0.1218,0.199
2025-03-01,2,Engineering,96.0,4,0.5,0.3267
2025-04-01,2,Engineering,93.0,2,0.2581,0.2933
2025-05-01,2,Engineering,91.5,1,0.1311,0.2964
2025-06-01,2,Engineering,90.5,2,0.2652,0.2181
2025-07-01,2,Engineering,91.0,2,0.2637,0.22
2025-08-01,2,Engineering,94.0,0,0.0,0.1763
2025-09-01,2,Engineering,96.0,3,0.375,0.2129
2025-10-01,2,Engineering,96.0,1,0.125,0.1667
2025-11-01,2,Engineering,95.0,2,0.2526,0.2509
2025-12-01,2,Engineering,94.0,0,0.0,0.1259
2026-01-01,2,Engineering,93.5,1,0.1283,0.127
2026-02-01,2,Engineering,92.5,1,0.1297,0.086
2026-03-01,2,Engineering,92.0,0,0.0,0.086
2026-04-01,2,Engineering,90.5,3,0.3978,0.1758
2026-05-01,2,Engineering,88.0,2,0.2727,0.2235
2026-06-01,2,Engineering,87.5,0,0.0,0.2235
2026-07-01,2,Engineering,89.0,0,0.0,0.0909
2026-08-01,2,Engineering,90.5,1,0.1326,0.0442
2023-09-01,2,Fab Operations,309.0,3,0.1165,0.1165
2023-10-01,2,Fab Operations,314.0,2,0.0764,0.0965
2023-11-01,2,Fab Operations,312.0,4,0.1538,0.1156
2023-12-01,2,Fab Operations,307.5,5,0.1951,0.1418
2024-01-01,2,Fab Operations,302.0,6,0.2384,0.1958
2024-02-01,2,Fab Operations,297.0,4,0.1616,0.1984
2024-03-01,2,Fab Operations,294.0,2,0.0816,0.1605
2024-04-01,2,Fab Operations,290.5,5,0.2065,0.1499
2024-05-01,2,Fab Operations,286.5,3,0.1257,0.1379
2024-06-01,2,Fab Operations,286.5,4,0.1675,0.1666
2024-07-01,2,Fab Operations,294.0,1,0.0408,0.1113
2024-08-01,2,Fab Operations,304.0,3,0.1184,0.1089
2024-09-01,2,Fab Operations,310.5,4,0.1546,0.1046
2024-10-01,2,Fab Operations,313.0,7,0.2684,0.1805
2024-11-01,2,Fab Operations,312.0,2,0.0769,0.1666
2024-12-01,2,Fab Operations,308.5,5,0.1945,0.1799
2025-01-01,2,Fab Operations,303.0,6,0.2376,0.1697
2025-02-01,2,Fab Operations,299.0,2,0.0803,0.1708
2025-03-01,2,Fab Operations,297.0,2,0.0808,0.1329
2025-04-01,2,Fab Operations,294.0,4,0.1633,0.1081
2025-05-01,2,Fab Operations,289.5,5,0.2073,0.1505
2025-06-01,2,Fab Operations,288.0,4,0.1667,0.1791
2025-07-01,2,Fab Operations,293.5,6,0.2453,0.2064
2025-08-01,2,Fab Operations,302.5,2,0.0793,0.1638
2025-09-01,2,Fab Operations,306.5,7,0.2741,0.1996
2025-10-01,2,Fab Operations,307.0,7,0.2736,0.209
2025-11-01,2,Fab Operations,305.0,2,0.0787,0.2088
2025-12-01,2,Fab Operations,298.5,11,0.4422,0.2648
2026-01-01,2,Fab Operations,292.5,1,0.041,0.1873
2026-02-01,2,Fab Operations,289.5,5,0.2073,0.2302
2026-03-01,2,Fab Operations,285.0,4,0.1684,0.1389
2026-04-01,2,Fab Operations,281.0,4,0.1708,0.1822
2026-05-01,2,Fab Operations,277.0,4,0.1733,0.1708
2026-06-01,2,Fab Operations,274.5,3,0.1311,0.1584
2026-07-01,2,Fab Operations,278.0,1,0.0432,0.1159
2026-08-01,2,Fab Operations,286.0,1,0.042,0.0721
2023-09-01,2,Facilities,113.5,2,0.2115,0.2115
2023-10-01,2,Facilities,116.5,1,0.103,0.1573
2023-11-01,2,Facilities,115.0,2,0.2087,0.1744
2023-12-01,2,Facilities,113.5,1,0.1057,0.1391
2024-01-01,2,Facilities,111.5,3,0.3229,0.2124
2024-02-01,2,Facilities,110.0,0,0.0,0.1429
2024-03-01,2,Facilities,109.0,2,0.2202,0.181
2024-04-01,2,Facilities,106.5,3,0.338,0.1861
2024-05-01,2,Facilities,104.5,1,0.1148,0.2243
2024-06-01,2,Facilities,104.0,1,0.1154,0.1894
2024-07-01,2,Facilities,103.0,4,0.466,0.2321
2024-08-01,2,Facilities,102.5,1,0.1171,0.2328
2024-09-01,2,Facilities,103.0,3,0.3495,0.3109
2024-10-01,2,Facilities,102.5,1,0.1171,0.1946
2024-11-01,2,Facilities,102.0,0,0.0,0.1555
2024-12-01,2,Facilities,102.0,0,0.0,0.039
2025-01-01,2,Facilities,102.0,0,0.0,0.0
2025-02-01,2,Facilities,101.5,1,0.1182,0.0394
2025-03-01,2,Facilities,100.0,2,0.24,0.1194
2025-04-01,2,Facilities,99.0,0,0.0,0.1194
2025-05-01,2,Facilities,98.0,2,0.2449,0.1616
2025-06-01,2,Facilities,97.0,3,0.3711,0.2053
2025-07-01,2,Facilities,97.0,1,0.1237,0.2466
2025-08-01,2,Facilities,96.5,1,0.1244,0.2064
2025-09-01,2,Facilities,97.5,0,0.0,0.0827
2025-10-01,2,Facilities,100.0,0,0.0,0.0415
2025-11-01,2,Facilities,101.0,0,0.0,0.0
2025-12-01,2,Facilities,100.5,1,0.1194,0.0398
2026-01-01,2,Facilities,99.5,1,0.1206,0.08
2026-02-01,2,Facilities,99.0,0,0.0,0.08
2026-03-01,2,Facilities,98.5,1,0.1218,0.0808
2026-04-01,2,Facilities,98.0,0,0.0,0.0406
2026-05-01,2,Facilities,97.5,1,0.1231,0.0816
2026-06-01,2,Facilities,97.0,0,0.0,0.041
2026-07-01,2,Facilities,98.5,1,0.1218,0.0816
2026-08-01,2,Facilities,101.5,2,0.2365,0.1194
2023-09-01,2,Quality,74.5,2,0.3221,0.3221
2023-10-01,2,Quality,76.5,1,0.1569,0.2395
2023-11-01,2,Quality,77.0,1,0.1558,0.2116
2023-12-01,2,Quality,76.0,2,0.3158,0.2095
2024-01-01,2,Quality,75.0,0,0.0,0.1572
2024-02-01,2,Quality,75.0,0,0.0,0.1053
2024-03-01,2,Quality,75.0,0,0.0,0.0
2024-04-01,2,Quality,74.0,2,0.3243,0.1081
2024-05-01,2,Quality,72.5,1,0.1655,0.1633
2024-06-01,2,Quality,70.5,3,0.5106,0.3335
2024-07-01,2,Quality,70.5,0,0.0,0.2254
2024-08-01,2,Quality,71.5,1,0.1678,0.2261
2024-09-01,2,Quality,71.5,1,0.1678,0.1119
2024-10-01,2,Quality,72.0,0,0.0,0.1119
2024-11-01,2,Quality,73.5,1,0.1633,0.1104
2024-12-01,2,Quality,74.0,0,0.0,0.0544
2025-01-01,2,Quality,74.0,0,0.0,0.0544
2025-02-01,2,Quality,73.5,1,0.1633,0.0544
2025-03-01,2,Quality,73.0,0,0.0,0.0544
2025-04-01,2,Quality,73.0,0,0.0,0.0544
2025-05-01,2,Quality,73.0,0,0.0,0.0
2025-06-01,2,Quality,72.0,3,0.5,0.1667
2025-07-01,2,Quality,70.5,3,0.5106,0.3369
2025-08-01,2,Quality,71.5,0,0.0,0.3369
2025-09-01,2,Quality,73.5,1,0.1633,0.2246
2025-10-01,2,Quality,75.0,0,0.0,0.0544
2025-11-01,2,Quality,76.0,0,0.0,0.0544
2025-12-01,2,Quality,74.5,3,0.4832,0.1611
2026-01-01,2,Quality,73.0,0,0.0,0.1611
2026-02-01,2,Quality,72.0,2,0.3333,0.2722
2026-03-01,2,Quality,71.0,0,0.0,0.1111
2026-04-01,2,Quality,71.0,0,0.0,0.1111
2026-05-01,2,Quality,71.0,0,0.0,0.0
2026-06-01,2,Quality,71.0,1,0.169,0.0563
2026-07-01,2,Quality,71.0,0,0.0,0.0563
2026-08-01,2,Quality,72.5,1,0.1655,0.1115
2023-09-01,2,Supply Chain,70.5,1,0.1702,0.1702
2023-10-01,2,Supply Chain,72.5,0,0.0,0.0851
2023-11-01,2,Supply Chain,73.5,0,0.0,0.0567
2023-12-01,2,Supply Chain,74.0,0,0.0,0.0
2024-01-01,2,Supply Chain,74.0,0,0.0,0.0
2024-02-01,2,Supply Chain,74.0,0,0.0,0.0
2024-03-01,2,Supply Chain,74.0,0,0.0,0.0
2024-04-01,2,Supply Chain,74.0,0,0.0,0.0
2024-05-01,2,Supply Chain,74.0,0,0.0,0.0
2024-06-01,2,Supply Chain,73.5,1,0.1633,0.0544
2024-07-01,2,Supply Chain,74.5,0,0.0,0.0544
2024-08-01,2,Supply Chain,76.5,0,0.0,0.0544
2024-09-01,2,Supply Chain,77.5,1,0.1548,0.0516
2024-10-01,2,Supply Chain,79.5,0,0.0,0.0516
2024-11-01,2,Supply Chain,80.5,1,0.1491,0.1013
2024-12-01,2,Supply Chain,80.0,0,0.0,0.0497
2025-01-01,2,Supply Chain,79.0,2,0.3038,0.151
2025-02-01,2,Supply Chain,77.5,1,0.1548,0.1529
2025-03-01,2,Supply Chain,76.5,1,0.1569,0.2052
2025-04-01,2,Supply Chain,76.0,0,0.0,0.1039
2025-05-01,2,Supply Chain,75.0,2,0.32,0.159
2025-06-01,2,Supply Chain,72.5,4,0.6621,0.3274
2025-07-01,2,Supply Chain,72.5,0,0.0,0.3274
2025-08-01,2,Supply Chain,75.5,0,0.0,0.2207
2025-09-01,2,Supply Chain,77.0,0,0.0,0.0
2025-10-01,2,Supply Chain,77.0,0,0.0,0.0
2025-11-01,2,Supply Chain,77.0,0,0.0,0.0
2025-12-01,2,Supply Chain,76.0,2,0.3158,0.1053
2026-01-01,2,Supply Chain,74.5,1,0.1611,0.159
2026-02-01,2,Supply Chain,73.5,1,0.1633,0.2134
2026-03-01,2,Supply Chain,73.0,0,0.0,0.1081
2026-04-01,2,Supply Chain,73.0,0,0.0,0.0544
2026-05-01,2,Supply Chain,72.5,1,0.1655,0.0552
2026-06-01,2,Supply Chain,71.5,1,0.1678,0.1111
2026-07-01,2,Supply Chain,72.0,1,0.1667,0.1667
2026-08-01,2,Supply Chain,74.0,0,0.0,0.1115
2023-09-01,2,Test & Assembly,176.0,5,0.3409,0.3409
2023-10-01,2,Test & Assembly,180.0,1,0.0667,0.2038
2023-11-01,2,Test & Assembly,180.0,2,0.1333,0.1803
2023-12-01,2,Test & Assembly,178.5,1,0.0672,0.0891
2024-01-01,2,Test & Assembly,177.0,2,0.1356,0.112
2024-02-01,2,Test & Assembly,175.5,1,0.0684,0.0904
2024-03-01,2,Test & Assembly,173.0,4,0.2775,0.1605
2024-04-01,2,Test & Assembly,168.5,5,0.3561,0.234
2024-05-01,2,Test & Assembly,165.5,1,0.0725,0.2354
2024-06-01,2,Test & Assembly,164.5,2,0.1459,0.1915
2024-07-01,2,Test & Assembly,165.0,1,0.0727,0.097
2024-08-01,2,Test & Assembly,168.0,3,0.2143,0.1443
2024-09-01,2,Test & Assembly,172.5,2,0.1391,0.142
2024-10-01,2,Test & Assembly,174.0,5,0.3448,0.2327
2024-11-01,2,Test & Assembly,171.0,4,0.2807,0.2549
2024-12-01,2,Test & Assembly,169.0,0,0.0,0.2085
2025-01-01,2,Test & Assembly,168.0,2,0.1429,0.1412
2025-02-01,2,Test & Assembly,167.0,0,0.0,0.0476
2025-03-01,2,Test & Assembly,165.5,3,0.2175,0.1201
2025-04-01,2,Test & Assembly,161.0,6,0.4472,0.2216
2025-05-01,2,Test & Assembly,157.0,2,0.1529,0.2725
2025-06-01,2,Test & Assembly,157.0,2,0.1529,0.251
2025-07-01,2,Test & Assembly,161.0,1,0.0745,0.1268
2025-08-01,2,Test & Assembly,165.0,4,0.2909,0.1728
2025-09-01,2,Test & Assembly,170.0,1,0.0706,0.1453
2025-10-01,2,Test & Assembly,174.5,4,0.2751,0.2122
2025-11-01,2,Test & Assembly,175.0,0,0.0,0.1152
2025-12-01,2,Test & Assembly,174.5,1,0.0688,0.1146
2026-01-01,2,Test & Assembly,173.0,2,0.1387,0.0692
2026-02-01,2,Test & Assembly,172.0,0,0.0,0.0692
2026-03-01,2,Test & Assembly,170.5,3,0.2111,0.1166
2026-04-01,2,Test & Assembly,168.0,2,0.1429,0.118
2026-05-01,2,Test & Assembly,164.5,5,0.3647,0.2396
2026-06-01,2,Test & Assembly,162.0,1,0.0741,0.1939
2026-07-01,2,Test & Assembly,163.5,0,0.0,0.1463
2026-08-01,2,Test & Assembly,166.0,2,0.1446,0.0729
2023-09-01,3,Engineering,63.5,1,0.189,0.189
2023-10-01,3,Engineering,64.5,0,0.0,0.0945
2023-11-01,3,Engineering,66.0,0,0.0,0.063
2023-12-01,3,Engineering,67.0,1,0.1791,0.0597
2024-01-01,3,Engineering,66.5,1,0.1805,0.1199
2024-02-01,3,Engineering,65.5,1,0.1832,0.1809
2024-03-01,3,Engineering,64.5,1,0.186,0.1832
2024-04-01,3,Engineering,63.5,1,0.189,0.1861
2024-05-01,3,Engineering,62.5,1,0.192,0.189
2024-06-01,3,Engineering,61.5,1,0.1951,0.192
2024-07-01,3,Engineering,61.0,0,0.0,0.129
2024-08-01,3,Engineering,61.5,0,0.0,0.065
2024-09-01,3,Engineering,63.0,1,0.1905,0.0635
2024-10-01,3,Engineering,64.0,1,0.1875,0.126
2024-11-01,3,Engineering,64.0,1,0.1875,0.1885
2024-12-01,3,Engineering,64.0,1,0.1875,0.1875
2025-01-01,3,Engineering,64.0,0,0.0,0.125
2025-02-01,3,Engineering,61.5,5,0.9756,0.3877
2025-03-01,3,Engineering,59.0,0,0.0,0.3252
2025-04-01,3,Engineering,59.0,0,0.0,0.3252
2025-05-01,3,Engineering,59.0,0,0.0,0.0
2025-06-01,3,Engineering,59.0,0,0.0,0.0
2025-07-01,3,Engineering,59.0,0,0.0,0.0
2025-08-01,3,Engineering,59.5,0,0.0,0.0
2025-09-01,3,Engineering,60.5,2,0.3967,0.1322
2025-10-01,3,Engineering,64.0,0,0.0,0.1322
2025-11-01,3,Engineering,69.0,0,0.0,0.1322
2025-12-01,3,Engineering,70.5,0,0.0,0.0
2026-01-01,3,Engineering,69.0,4,0.6957,0.2319
2026-02-01,3,Engineering,67.0,0,0.0,0.2319
2026-03-01,3,Engineering,67.0,0,0.0,0.2319
2026-04-01,3,Engineering,66.5,1,0.1805,0.0602
2026-05-01,3,Engineering,66.0,0,0.0,0.0602
2026-06-01,3,Engineering,65.0,2,0.3692,0.1832
2026-07-01,3,Engineering,63.5,1,0.189,0.1861
2026-08-01,3,Engineering,62.0,2,0.3871,0.3151
2023-09-01,3,Fab Operations,379.5,5,0.1581,0.1581
2023-10-01,3,Fab Operations,389.0,5,0.1542,0.1562
2023-11-01,3,Fab Operations,400.0,4,0.12,0.1441
2023-12-01,3,Fab Operations,402.5,9,0.2683,0.1808
2024-01-01,3,Fab Operations,397.0,8,0.2418,0.21
2024-02-01,3,Fab Operations,389.5,7,0.2157,0.2419
2024-03-01,3,Fab Operations,382.5,7,0.2196,0.2257
2024-04-01,3,Fab Operations,377.0,4,0.1273,0.1875
2024-05-01,3,Fab Operations,371.0,8,0.2588,0.2019
2024-06-01,3,Fab Operations,365.0,4,0.1315,0.1725
2024-07-01,3,Fab Operations,360.5,5,0.1664,0.1856
2024-08-01,3,Fab Operations,358.5,4,0.1339,0.1439
2024-09-01,3,Fab Operations,364.5,3,0.0988,0.133
2024-10-01,3,Fab Operations,378.0,7,0.2222,0.1516
2024-11-01,3,Fab Operations,389.0,6,0.1851,0.1687
2024-12-01,3,Fab Operations,392.0,10,0.3061,0.2378
2025-01-01,3,Fab Operations,387.5,7,0.2168,0.236
2025-02-01,3,Fab Operations,380.0,8,0.2526,0.2585
2025-03-01,3,Fab Operations,375.0,2,0.064,0.1778
2025-04-01,3,Fab Operations,371.5,5,0.1615,0.1594
2025-05-01,3,Fab Operations,364.0,10,0.3297,0.1851
2025-06-01,3,Fab Operations,356.5,5,0.1683,0.2198
2025-07-01,3,Fab Operations,350.5,7,0.2397,0.2459
2025-08-01,3,Fab Operations,347.0,3,0.1037,0.1706
2025-09-01,3,Fab Operations,355.0,5,0.169,0.1708
2025-10-01,3,Fab Operations,367.0,7,0.2289,0.1672
2025-11-01,3,Fab Operations,368.0,8,0.2609,0.2196
2025-12-01,3,Fab Operations,365.0,6,0.1973,0.229
2026-01-01,3,Fab Operations,360.5,6,0.1997,0.2193
2026-02-01,3,Fab Operations,354.0,8,0.2712,0.2227
2026-03-01,3,Fab Operations,345.0,10,0.3478,0.2729
2026-04-01,3,Fab Operations,336.5,7,0.2496,0.2895
2026-05-01,3,Fab Operations,330.5,5,0.1815,0.2596
2026-06-01,3,Fab Operations,325.0,6,0.2215,0.2175
2026-07-01,3,Fab Operations,319.0,6,0.2257,0.2096
2026-08-01,3,Fab Operations,318.5,3,0.113,0.1867
2023-09-01,3,Facilities,76.5,0,0.0,0.0
2023-10-01,3,Facilities,77.5,1,0.1548,0.0774
2023-11-01,3,Facilities,77.0,2,0.3117,0.1555
2023-12-01,3,Facilities,78.5,0,0.0,0.1555
2024-01-01,3,Facilities,79.5,1,0.1509,0.1542
2024-02-01,3,Facilities,78.0,2,0.3077,0.1529
2024-03-01,3,Facilities,76.5,1,0.1569,0.2052
2024-04-01,3,Facilities,75.5,1,0.1589,0.2078
2024-05-01,3,Facilities,74.5,1,0.1611,0.159
2024-06-01,3,Facilities,74.0,0,0.0,0.1067
2024-07-01,3,Facilities,74.0,0,0.0,0.0537
2024-08-01,3,Facilities,74.0,0,0.0,0.0
2024-09-01,3,Facilities,77.5,1,0.1548,0.0516
2024-10-01,3,Facilities,80.5,0,0.0,0.0516
2024-11-01,3,Facilities,82.0,1,0.1463,0.1004
2024-12-01,3,Facilities,83.5,1,0.1437,0.0967
2025-01-01,3,Facilities,82.5,3,0.4364,0.2421
2025-02-01,3,Facilities,80.0,2,0.3,0.2934
2025-03-01,3,Facilities,78.5,1,0.1529,0.2964
2025-04-01,3,Facilities,77.5,1,0.1548,0.2026
2025-05-01,3,Facilities,77.0,0,0.0,0.1026
2025-06-01,3,Facilities,76.5,1,0.1569,0.1039
2025-07-01,3,Facilities,75.5,1,0.1589,0.1053
2025-08-01,3,Facilities,76.5,0,0.0,0.1053
2025-09-01,3,Facilities,80.5,1,0.1491,0.1027
2025-10-01,3,Facilities,83.5,0,0.0,0.0497
2025-11-01,3,Facilities,84.5,3,0.426,0.1917
2025-12-01,3,Facilities,85.5,0,0.0,0.142
2026-01-01,3,Facilities,86.0,0,0.0,0.142
2026-02-01,3,Facilities,85.0,2,0.2824,0.0941
2026-03-01,3,Facilities,83.0,2,0.2892,0.1905
2026-04-01,3,Facilities,81.5,1,0.1472,0.2396
2026-05-01,3,Facilities,79.5,3,0.4528,0.2964
2026-06-01,3,Facilities,77.0,2,0.3117,0.3039
2026-07-01,3,Facilities,75.5,1,0.1589,0.3078
2026-08-01,3,Facilities,74.5,2,0.3221,0.2642
2023-09-01,3,Quality,65.0,1,0.1846,0.1846
2023-10-01,3,Quality,65.5,1,0.1832,0.1839
2023-11-01,3,Quality,66.5,0,0.0,0.1226
2023-12-01,3,Quality,66.5,2,0.3609,0.1814
2024-01-01,3,Quality,65.0,2,0.3692,0.2434
2024-02-01,3,Quality,64.0,0,0.0,0.2434
2024-03-01,3,Quality,64.0,0,0.0,0.1231
2024-04-01,3,Quality,63.5,1,0.189,0.063
2024-05-01,3,Quality,62.5,1,0.192,0.127
2024-06-01,3,Quality,61.0,2,0.3934,0.2581
2024-07-01,3,Quality,60.0,0,0.0,0.1951
2024-08-01,3,Quality,61.5,0,0.0,0.1311
2024-09-01,3,Quality,63.5,0,0.0,0.0
2024-10-01,3,Quality,62.0,4,0.7742,0.2581
2024-11-01,3,Quality,60.5,0,0.0,0.2581
2024-12-01,3,Quality,61.0,1,0.1967,0.3236
2025-01-01,3,Quality,61.0,0,0.0,0.0656
2025-02-01,3,Quality,60.5,1,0.1983,0.1317
2025-03-01,3,Quality,59.5,1,0.2017,0.1333
2025-04-01,3,Quality,58.0,2,0.4138,0.2713
2025-05-01,3,Quality,56.5,1,0.2124,0.276
2025-06-01,3,Quality,56.0,0,0.0,0.2087
2025-07-01,3,Quality,55.5,1,0.2162,0.1429
2025-08-01,3,Quality,55.0,1,0.2182,0.1448
2025-09-01,3,Quality,56.0,1,0.2143,0.2162
2025-10-01,3,Quality,56.5,1,0.2124,0.215
2025-11-01,3,Quality,57.0,1,0.2105,0.2124
2025-12-01,3,Quality,58.5,0,0.0,0.141
2026-01-01,3,Quality,59.0,0,0.0,0.0702
2026-02-01,3,Quality,58.5,1,0.2051,0.0684
2026-03-01,3,Quality,58.0,0,0.0,0.0684
2026-04-01,3,Quality,58.0,0,0.0,0.0684
2026-05-01,3,Quality,57.5,1,0.2087,0.0696
2026-06-01,3,Quality,56.5,1,0.2124,0.1404
2026-07-01,3,Quality,56.0,0,0.0,0.1404
2026-08-01,3,Quality,56.5,0,0.0,0.0708
2023-09-01,3,Supply Chain,56.0,0,0.0,0.0
2023-10-01,3,Supply Chain,58.0,1,0.2069,0.1035
2023-11-01,3,Supply Chain,59.5,0,0.0,0.069
2023-12-01,3,Supply Chain,60.5,0,0.0,0.069
2024-01-01,3,Supply Chain,60.0,2,0.4,0.1333
2024-02-01,3,Supply Chain,58.0,2,0.4138,0.2713
2024-03-01,3,Supply Chain,56.5,1,0.2124,0.3421
2024-04-01,3,Supply Chain,56.0,0,0.0,0.2087
2024-05-01,3,Supply Chain,55.5,1,0.2162,0.1429
2024-06-01,3,Supply Chain,54.5,1,0.2202,0.1455
2024-07-01,3,Supply Chain,54.0,0,0.0,0.1455
2024-08-01,3,Supply Chain,54.5,2,0.4404,0.2202
2024-09-01,3,Supply Chain,55.0,2,0.4364,0.2923
2024-10-01,3,Supply Chain,57.0,0,0.0,0.2923
2024-11-01,3,Supply Chain,58.5,0,0.0,0.1455
2024-12-01,3,Supply Chain,58.5,1,0.2051,0.0684
2025-01-01,3,Supply Chain,57.5,1,0.2087,0.1379
2025-02-01,3,Supply Chain,56.5,1,0.2124,0.2087
2025-03-01,3,Supply Chain,56.0,0,0.0,0.1404
2025-04-01,3,Supply Chain,56.0,0,0.0,0.0708
2025-05-01,3,Supply Chain,56.0,0,0.0,0.0
2025-06-01,3,Supply Chain,56.0,0,0.0,0.0
2025-07-01,3,Supply Chain,55.5,1,0.2162,0.0721
2025-08-01,3,Supply Chain,55.0,0,0.0,0.0721
2025-09-01,3,Supply Chain,55.0,0,0.0,0.0721
2025-10-01,3,Supply Chain,56.0,1,0.2143,0.0714
2025-11-01,3,Supply Chain,57.5,0,0.0,0.0714
2025-12-01,3,Supply Chain,58.5,0,0.0,0.0714
2026-01-01,3,Supply Chain,58.0,2,0.4138,0.1379
2026-02-01,3,Supply Chain,57.0,0,0.0,0.1379
2026-03-01,3,Supply Chain,57.0,0,0.0,0.1379
2026-04-01,3,Supply Chain,57.0,0,0.0,0.0
2026-05-01,3,Supply Chain,57.0,0,0.0,0.0
2026-06-01,3,Supply Chain,56.5,1,0.2124,0.0708
2026-07-01,3,Supply Chain,56.0,0,0.0,0.0708
2026-08-01,3,Supply Chain,57.0,0,0.0,0.0708
2023-09-01,3,Test & Assembly,197.0,1,0.0609,0.0609
2023-10-01,3,Test & Assembly,202.0,3,0.1782,0.1196
2023-11-01,3,Test & Assembly,205.5,5,0.292,0.177
2023-12-01,3,Test & Assembly,204.5,7,0.4108,0.2937
2024-01-01,3,Test & Assembly,201.0,4,0.2388,0.3139
2024-02-01,3,Test & Assembly,197.0,4,0.2437,0.2978
2024-03-01,3,Test & Assembly,195.0,0,0.0,0.1608
2024-04-01,3,Test & Assembly,191.5,7,0.4386,0.2274
2024-05-01,3,Test & Assembly,186.0,4,0.2581,0.2322
2024-06-01,3,Test & Assembly,182.0,4,0.2637,0.3201
2024-07-01,3,Test & Assembly,178.5,3,0.2017,0.2412
2024-08-01,3,Test & Assembly,176.0,2,0.1364,0.2006
2024-09-01,3,Test & Assembly,177.5,3,0.2028,0.1803
2024-10-01,3,Test & Assembly,184.0,2,0.1304,0.1565
2024-11-01,3,Test & Assembly,188.0,2,0.1277,0.1536
2024-12-01,3,Test & Assembly,187.5,2,0.128,0.1287
2025-01-01,3,Test & Assembly,185.5,3,0.1941,0.1499
2025-02-01,3,Test & Assembly,182.5,3,0.1973,0.1731
2025-03-01,3,Test & Assembly,180.0,2,0.1333,0.1749
2025-04-01,3,Test & Assembly,175.5,7,0.4786,0.2697
2025-05-01,3,Test & Assembly,170.5,3,0.2111,0.2743
2025-06-01,3,Test & Assembly,167.0,4,0.2874,0.3257
2025-07-01,3,Test & Assembly,164.5,1,0.0729,0.1905
2025-08-01,3,Test & Assembly,163.0,4,0.2945,0.2183
2025-09-01,3,Test & Assembly,163.0,3,0.2209,0.1961
2025-10-01,3,Test & Assembly,167.0,5,0.3593,0.2916
2025-11-01,3,Test & Assembly,174.0,0,0.0,0.1934
2025-12-01,3,Test & Assembly,175.5,3,0.2051,0.1881
2026-01-01,3,Test & Assembly,171.5,6,0.4198,0.2083
2026-02-01,3,Test & Assembly,167.5,3,0.2149,0.2799
2026-03-01,3,Test & Assembly,163.5,5,0.367,0.3339
2026-04-01,3,Test & Assembly,160.0,2,0.15,0.244
2026-05-01,3,Test & Assembly,158.5,1,0.0757,0.1976
2026-06-01,3,Test & Assembly,158.0,0,0.0,0.0752
2026-07-01,3,Test & Assembly,158.0,0,0.0,0.0252
2026-08-01,3,Test & Assembly,157.0,7,0.535,0.1783
2023-09-01,4,Engineering,55.5,0,0.0,0.0
2023-10-01,4,Engineering,56.5,1,0.2124,0.1062
2023-11-01,4,Engineering,55.5,1,0.2162,0.1429
2023-12-01,4,Engineering,54.5,1,0.2202,0.2163
2024-01-01,4,Engineering,54.0,0,0.0,0.1455
2024-02-01,4,Engineering,53.5,1,0.2243,0.1482
2024-03-01,4,Engineering,52.5,1,0.2286,0.151
2024-04-01,4,Engineering,52.0,0,0.0,0.151
2024-05-01,4,Engineering,52.0,0,0.0,0.0762
2024-06-01,4,Engineering,51.0,2,0.4706,0.1569
2024-07-01,4,Engineering,49.5,1,0.2424,0.2377
2024-08-01,4,Engineering,48.5,2,0.4948,0.4026
2024-09-01,4,Engineering,48.0,1,0.25,0.3291
2024-10-01,4,Engineering,47.5,1,0.2526,0.3325
2024-11-01,4,Engineering,48.0,1,0.25,0.2509
2024-12-01,4,Engineering,49.0,1,0.2449,0.2492
2025-01-01,4,Engineering,49.0,0,0.0,0.165
2025-02-01,4,Engineering,48.5,1,0.2474,0.1641
2025-03-01,4,Engineering,48.0,0,0.0,0.0825
2025-04-01,4,Engineering,47.5,1,0.2526,0.1667
2025-05-01,4,Engineering,46.5,1,0.2581,0.1702
2025-06-01,4,Engineering,46.0,0,0.0,0.1702
2025-07-01,4,Engineering,46.5,0,0.0,0.086
2025-08-01,4,Engineering,47.0,0,0.0,0.0
2025-09-01,4,Engineering,48.0,0,0.0,0.0
2025-10-01,4,Engineering,49.0,0,0.0,0.0
2025-11-01,4,Engineering,49.5,0,0.0,0.0
2025-12-01,4,Engineering,49.5,1,0.2424,0.0808
2026-01-01,4,Engineering,49.0,0,0.0,0.0808
2026-02-01,4,Engineering,49.0,0,0.0,0.0808
2026-03-01,4,Engineering,49.0,0,0.0,0.0
2026-04-01,4,Engineering,49.0,0,0.0,0.0
2026-05-01,4,Engineering,48.0,2,0.5,0.1667
2026-06-01,4,Engineering,47.0,0,0.0,0.1667
2026-07-01,4,Engineering,45.5,3,0.7912,0.4304
2026-08-01,4,Engineering,45.0,0,0.0,0.2637
2023-09-01,4,Fab Operations,191.5,5,0.3133,0.3133
2023-10-01,4,Fab Operations,189.0,5,0.3175,0.3154
2023-11-01,4,Fab Operations,188.0,2,0.1277,0.2528
2023-12-01,4,Fab Operations,186.5,3,0.193,0.2127
2024-01-01,4,Fab Operations,184.5,1,0.065,0.1286
2024-02-01,4,Fab Operations,182.5,3,0.1973,0.1518
2024-03-01,4,Fab Operations,180.0,2,0.1333,0.1319
2024-04-01,4,Fab Operations,178.0,2,0.1348,0.1551
2024-05-01,4,Fab Operations,176.0,2,0.1364,0.1348
2024-06-01,4,Fab Operations,173.0,4,0.2775,0.1829
2024-07-01,4,Fab Operations,169.5,4,0.2832,0.2324
2024-08-01,4,Fab Operations,169.5,3,0.2124,0.2577
2024-09-01,4,Fab Operations,171.0,1,0.0702,0.1886
2024-10-01,4,Fab Operations,172.0,2,0.1395,0.1407
2024-11-01,4,Fab Operations,170.5,3,0.2111,0.1403
2024-12-01,4,Fab Operations,168.0,2,0.1429,0.1645
2025-01-01,4,Fab Operations,166.5,1,0.0721,0.142
2025-02-01,4,Fab Operations,165.0,2,0.1455,0.1202
2025-03-01,4,Fab Operations,161.0,6,0.4472,0.2216
2025-04-01,4,Fab Operations,155.0,6,0.4645,0.3524
2025-05-01,4,Fab Operations,151.0,2,0.1589,0.3569
2025-06-01,4,Fab Operations,148.5,3,0.2424,0.2886
2025-07-01,4,Fab Operations,146.5,3,0.2457,0.2157
2025-08-01,4,Fab Operations,147.5,1,0.0814,0.1898
2025-09-01,4,Fab Operations,150.0,2,0.16,0.1624
2025-10-01,4,Fab Operations,151.0,1,0.0795,0.107
2025-11-01,4,Fab Operations,151.0,1,0.0795,0.1063
2025-12-01,4,Fab Operations,150.0,2,0.16,0.1063
2026-01-01,4,Fab Operations,148.5,1,0.0808,0.1068
2026-02-01,4,Fab Operations,146.5,3,0.2457,0.1622
2026-03-01,4,Fab Operations,144.0,2,0.1667,0.1644
2026-04-01,4,Fab Operations,142.0,2,0.169,0.1938
2026-05-01,4,Fab Operations,140.5,1,0.0854,0.1404
2026-06-01,4,Fab Operations,138.0,4,0.3478,0.2007
2026-07-01,4,Fab Operations,136.0,2,0.1765,0.2032
2026-08-01,4,Fab Operations,137.0,3,0.2628,0.2624
2023-09-01,4,Facilities,67.5,0,0.0,0.0
2023-10-01,4,Facilities,68.5,0,0.0,0.0
2023-11-01,4,Facilities,69.0,0,0.0,0.0
2023-12-01,4,Facilities,69.0,0,0.0,0.0
2024-01-01,4,Facilities,68.5,1,0.1752,0.0584
2024-02-01,4,Facilities,68.0,0,0.0,0.0584
2024-03-01,4,Facilities,68.0,0,0.0,0.0584
2024-04-01,4,Facilities,68.0,0,0.0,0.0
2024-05-01,4,Facilities,67.0,2,0.3582,0.1194
2024-06-01,4,Facilities,65.0,2,0.3692,0.2425
2024-07-01,4,Facilities,63.0,2,0.381,0.3695
2024-08-01,4,Facilities,62.5,1,0.192,0.3141
2024-09-01,4,Facilities,61.5,1,0.1951,0.256
2024-10-01,4,Facilities,62.0,0,0.0,0.129
2024-11-01,4,Facilities,63.0,2,0.381,0.192
2024-12-01,4,Facilities,63.0,1,0.1905,0.1905
2025-01-01,4,Facilities,63.0,0,0.0,0.1905
2025-02-01,4,Facilities,63.0,0,0.0,0.0635
2025-03-01,4,Facilities,62.5,1,0.192,0.064
2025-04-01,4,Facilities,62.0,0,0.0,0.064
2025-05-01,4,Facilities,61.5,1,0.1951,0.129
2025-06-01,4,Facilities,61.0,0,0.0,0.065
2025-07-01,4,Facilities,61.0,0,0.0,0.065
2025-08-01,4,Facilities,61.0,1,0.1967,0.0656
2025-09-01,4,Facilities,61.5,1,0.1951,0.1306
2025-10-01,4,Facilities,61.5,1,0.1951,0.1956
2025-11-01,4,Facilities,60.0,2,0.4,0.2634
2025-12-01,4,Facilities,59.0,0,0.0,0.1984
2026-01-01,4,Facilities,59.0,0,0.0,0.1333
2026-02-01,4,Facilities,59.0,0,0.0,0.0
2026-03-01,4,Facilities,59.0,0,0.0,0.0
2026-04-01,4,Facilities,57.5,3,0.6261,0.2087
2026-05-01,4,Facilities,55.0,2,0.4364,0.3542
2026-06-01,4,Facilities,54.0,0,0.0,0.3542
2026-07-01,4,Facilities,54.5,0,0.0,0.1455
2026-08-01,4,Facilities,55.0,1,0.2182,0.0727
2023-09-01,4,Quality,60.5,1,0.1983,0.1983
2023-10-01,4,Quality,61.5,2,0.3902,0.2943
2023-11-01,4,Quality,62.0,0,0.0,0.1962
2023-12-01,4,Quality,61.5,1,0.1951,0.1951
2024-01-01,4,Quality,61.0,0,0.0,0.065
2024-02-01,4,Quality,60.5,1,0.1983,0.1311
2024-03-01,4,Quality,59.5,1,0.2017,0.1333
2024-04-01,4,Quality,59.0,0,0.0,0.1333
2024-05-01,4,Quality,59.0,0,0.0,0.0672
2024-06-01,4,Quality,59.0,0,0.0,0.0
2024-07-01,4,Quality,59.0,0,0.0,0.0
2024-08-01,4,Quality,59.0,0,0.0,0.0
2024-09-01,4,Quality,59.0,1,0.2034,0.0678
2024-10-01,4,Quality,59.5,0,0.0,0.0678
2024-11-01,4,Quality,60.0,0,0.0,0.0678
2024-12-01,4,Quality,59.5,1,0.2017,0.0672
2025-01-01,4,Quality,59.0,0,0.0,0.0672
2025-02-01,4,Quality,59.0,0,0.0,0.0672
2025-03-01,4,Quality,58.5,1,0.2051,0.0684
2025-04-01,4,Quality,58.0,0,0.0,0.0684
2025-05-01,4,Quality,57.5,1,0.2087,0.1379
2025-06-01,4,Quality,56.5,1,0.2124,0.1404
2025-07-01,4,Quality,56.0,0,0.0,0.1404
2025-08-01,4,Quality,56.5,0,0.0,0.0708
2025-09-01,4,Quality,57.0,1,0.2105,0.0702
2025-10-01,4,Quality,56.5,1,0.2124,0.141
2025-11-01,4,Quality,56.0,0,0.0,0.141
2025-12-01,4,Quality,55.5,1,0.2162,0.1429
2026-01-01,4,Quality,55.0,0,0.0,0.0721
2026-02-01,4,Quality,55.0,0,0.0,0.0721
2026-03-01,4,Quality,55.0,0,0.0,0.0
2026-04-01,4,Quality,55.0,0,0.0,0.0
2026-05-01,4,Quality,54.5,1,0.2202,0.0734
2026-06-01,4,Quality,53.0,2,0.4528,0.2243
2026-07-01,4,Quality,51.0,2,0.4706,0.3812
2026-08-01,4,Quality,50.0,2,0.48,0.4678
2023-09-01,4,Supply Chain,51.5,0,0.0,0.0
2023-10-01,4,Supply Chain,53.0,0,0.0,0.0
2023-11-01,4,Supply Chain,53.0,0,0.0,0.0
2023-12-01,4,Supply Chain,53.0,0,0.0,0.0
2024-01-01,4,Supply Chain,53.0,0,0.0,0.0
2024-02-01,4,Supply Chain,53.0,0,0.0,0.0
2024-03-01,4,Supply Chain,52.0,2,0.4615,0.1538
2024-04-01,4,Supply Chain,50.5,1,0.2376,0.233
2024-05-01,4,Supply Chain,49.5,1,0.2424,0.3138
2024-06-01,4,Supply Chain,49.0,0,0.0,0.16
2024-07-01,4,Supply Chain,49.5,0,0.0,0.0808
2024-08-01,4,Supply Chain,51.0,1,0.2353,0.0784
2024-09-01,4,Supply Chain,52.5,0,0.0,0.0784
2024-10-01,4,Supply Chain,53.0,1,0.2264,0.1539
2024-11-01,4,Supply Chain,52.5,1,0.2286,0.1517
2024-12-01,4,Supply Chain,51.0,2,0.4706,0.3085
2025-01-01,4,Supply Chain,49.5,1,0.2424,0.3139
2025-02-01,4,Supply Chain,48.5,1,0.2474,0.3201
2025-03-01,4,Supply Chain,48.0,0,0.0,0.1633
2025-04-01,4,Supply Chain,48.0,0,0.0,0.0825
2025-05-01,4,Supply Chain,48.0,0,0.0,0.0
2025-06-01,4,Supply Chain,48.0,0,0.0,0.0
2025-07-01,4,Supply Chain,48.5,0,0.0,0.0
2025-08-01,4,Supply Chain,49.0,0,0.0,0.0
2025-09-01,4,Supply Chain,48.0,2,0.5,0.1667
2025-10-01,4,Supply Chain,47.0,0,0.0,0.1667
2025-11-01,4,Supply Chain,46.5,1,0.2581,0.2527
2025-12-01,4,Supply Chain,46.0,0,0.0,0.086
2026-01-01,4,Supply Chain,45.5,1,0.2637,0.1739
2026-02-01,4,Supply Chain,44.5,1,0.2697,0.1778
2026-03-01,4,Supply Chain,44.0,0,0.0,0.1778
2026-04-01,4,Supply Chain,44.0,0,0.0,0.0899
2026-05-01,4,Supply Chain,44.0,0,0.0,0.0
2026-06-01,4,Supply Chain,44.0,0,0.0,0.0
2026-07-01,4,Supply Chain,44.5,0,0.0,0.0
2026-08-01,4,Supply Chain,45.0,1,0.2667,0.0889
2023-09-01,4,Test & Assembly,118.0,2,0.2034,0.2034
2023-10-01,4,Test & Assembly,121.5,2,0.1975,0.2005
2023-11-01,4,Test & Assembly,122.5,1,0.098,0.1663
2023-12-01,4,Test & Assembly,121.5,1,0.0988,0.1314
2024-01-01,4,Test & Assembly,120.0,2,0.2,0.1323
2024-02-01,4,Test & Assembly,118.5,1,0.1013,0.1334
2024-03-01,4,Test & Assembly,116.5,3,0.309,0.2034
2024-04-01,4,Test & Assembly,114.0,2,0.2105,0.2069
2024-05-01,4,Test & Assembly,112.5,1,0.1067,0.2087
2024-06-01,4,Test & Assembly,112.0,0,0.0,0.1057
2024-07-01,4,Test & Assembly,111.0,2,0.2162,0.1076
2024-08-01,4,Test & Assembly,110.5,2,0.2172,0.1445
2024-09-01,4,Test & Assembly,112.0,1,0.1071,0.1802
2024-10-01,4,Test & Assembly,113.0,0,0.0,0.1081
2024-11-01,4,Test & Assembly,113.5,3,0.3172,0.1414
2024-12-01,4,Test & Assembly,113.5,2,0.2115,0.1762
2025-01-01,4,Test & Assembly,112.5,1,0.1067,0.2118
2025-02-01,4,Test & Assembly,111.0,2,0.2162,0.1781
2025-03-01,4,Test & Assembly,110.0,0,0.0,0.1076
2025-04-01,4,Test & Assembly,109.0,2,0.2202,0.1455
2025-05-01,4,Test & Assembly,107.0,2,0.2243,0.1482
2025-06-01,4,Test & Assembly,103.5,5,0.5797,0.3414
2025-07-01,4,Test & Assembly,100.0,2,0.24,0.348
2025-08-01,4,Test & Assembly,98.5,4,0.4873,0.4357
2025-09-01,4,Test & Assembly,98.5,2,0.2437,0.3237
2025-10-01,4,Test & Assembly,100.5,0,0.0,0.2437
2025-11-01,4,Test & Assembly,102.5,1,0.1171,0.1203
2025-12-01,4,Test & Assembly,101.5,1,0.1182,0.0784
2026-01-01,4,Test & Assembly,100.0,2,0.24,0.1584
2026-02-01,4,Test & Assembly,96.5,5,0.6218,0.3267
2026-03-01,4,Test & Assembly,93.0,2,0.2581,0.3733
2026-04-01,4,Test & Assembly,90.5,3,0.3978,0.4259
2026-05-01,4,Test & Assembly,89.0,0,0.0,0.2186
2026-06-01,4,Test & Assembly,88.5,1,0.1356,0.1778
2026-07-01,4,Test & Assembly,87.5,1,0.1371,0.0909
2026-08-01,4,Test & Assembly,86.5,1,0.1387,0.1371
