fiscal_month,site_id,avg_headcount,total_spend_usd,cost_per_head_usd
2024-03-01,3,839.0,4581766.39,5460.98
2025-08-01,2,805.0,8376116.54,10405.11
2023-11-01,4,550.0,3869859.22,7036.11
2026-04-01,4,438.0,3003647.7,6857.64
2025-03-01,3,808.0,4387390.95,5429.94
2025-02-01,2,817.0,8400353.95,10281.95
2025-10-01,3,794.0,4421259.41,5568.34
2026-07-01,2,772.0,8055865.09,10435.06
2025-02-01,1,912.5,9327213.83,10221.6
2024-10-01,3,825.5,4637767.47,5618.13
2025-08-01,4,459.5,3157227.13,6871.01
2024-02-01,3,852.0,4697749.22,5513.79
2026-04-01,3,759.5,4191292.4,5518.49
2025-02-01,3,821.0,4604209.68,5608.05
2025-06-01,3,771.0,4556718.63,5910.14
2026-04-01,1,863.0,8672292.06,10049.01
2025-04-01,4,479.5,3280847.34,6842.23
2025-01-01,4,499.5,3383994.19,6774.76
2025-06-01,4,463.5,3129782.01,6752.5
2023-11-01,1,962.5,9681262.92,10058.45
2026-07-01,4,419.0,2975110.89,7100.5
2024-10-01,2,843.0,8880503.7,10534.41
2024-05-01,1,920.5,9018471.26,9797.36
2025-09-01,3,770.0,4738755.92,6154.23
2026-01-01,1,899.5,9376328.16,10423.93
2026-06-01,1,844.0,8624030.35,10218.05
2023-09-01,2,838.0,8807502.44,10510.15
2024-05-01,3,812.0,4330096.03,5332.63
2025-07-01,2,785.5,8381460.94,10670.22
2025-06-01,1,878.5,8711730.7,9916.6
2025-02-01,4,495.0,3442691.9,6954.93
2024-04-01,1,926.0,9278938.06,10020.45
2024-11-01,1,940.5,9634333.8,10243.84
2024-01-01,3,869.0,4979616.39,5730.28
2023-11-01,3,874.5,4846800.93,5542.37
2024-11-01,2,842.0,8688667.08,10319.08
2024-03-01,4,528.5,3661112.48,6927.37
2023-11-01,2,856.5,8771638.29,10241.26
2025-08-01,3,756.0,4585826.61,6065.91
2024-12-01,1,932.5,9339811.89,10015.88
2024-01-01,1,947.0,9698953.35,10241.77
2024-09-01,3,801.0,4562165.09,5695.59
2025-09-01,4,463.0,3182062.29,6872.7
2026-02-01,3,789.0,4521642.6,5730.85
2026-03-01,2,790.0,7871203.46,9963.55
2024-08-01,4,501.0,3455356.03,6896.92
2023-09-01,3,837.5,4677278.02,5584.81
2026-03-01,1,874.0,8661611.05,9910.31
2024-10-01,1,936.0,9390485.37,10032.57
2025-03-01,4,488.0,3370979.35,6907.74
2025-04-01,1,892.5,9003920.3,10088.43
2024-06-01,2,790.5,8032168.97,10160.87
2025-12-01,2,818.0,8309757.23,10158.63
2025-03-01,1,901.5,9062503.89,10052.69
2026-07-01,3,728.0,4110557.77,5646.37
2025-09-01,2,820.5,8613667.77,10498.07
2024-10-01,4,507.0,3534583.41,6971.56
2025-05-01,3,783.0,4303977.68,5496.78
2026-08-01,1,861.5,8874518.85,10301.24
2025-05-01,1,885.0,8939796.18,10101.46
2026-08-01,2,790.5,8136023.53,10292.25
2024-08-01,3,786.0,4403259.2,5602.11
2023-10-01,4,550.0,3801716.04,6912.21
2025-04-01,3,797.5,4188860.63,5252.49
2024-05-01,4,516.0,3464182.54,6713.53
2024-07-01,2,799.5,8424769.72,10537.55
2024-11-01,3,842.0,4800633.37,5701.46
2023-10-01,2,858.5,8805309.92,10256.62
2024-09-01,2,834.5,8502913.93,10189.23
2025-01-01,1,922.0,9366037.94,10158.39
2024-03-01,2,820.5,8337134.64,10161.04
2026-06-01,4,424.5,2865659.44,6750.67
2025-04-01,2,796.0,7980421.37,10025.65
2025-07-01,3,760.5,4423423.47,5816.47
2024-07-01,3,788.0,4202641.99,5333.3
2024-03-01,1,930.5,9262873.04,9954.73
2025-01-01,3,838.0,4645193.63,5543.19
2023-12-01,4,546.0,3782241.47,6927.18
2026-05-01,4,431.0,2910826.72,6753.66
2026-06-01,2,763.5,7870788.41,10308.83
2025-06-01,2,777.0,8064369.93,10378.85
2024-08-01,1,903.0,9199551.83,10187.77
2025-05-01,4,471.5,3193069.03,6772.15
2024-12-01,3,846.5,4722565.78,5578.93
2024-02-01,1,938.0,9266249.18,9878.73
2024-04-01,4,521.5,3531100.88,6771.05
2026-08-01,3,725.5,4169508.76,5747.08
2025-07-01,4,458.5,3114440.58,6792.67
2023-09-01,4,544.5,3773730.94,6930.64
2025-11-01,4,465.5,3237753.11,6955.43
2026-03-01,4,444.0,3056484.96,6883.98
2026-01-01,4,457.0,3216814.44,7038.98
2025-10-01,1,916.5,9036666.43,9859.97
2026-03-01,3,773.5,4291828.4,5548.58
2026-02-01,1,886.5,8958665.26,10105.66
2025-12-01,3,813.5,4471808.63,5497.0
2025-11-01,2,829.0,8670299.68,10458.75
2024-05-01,2,795.5,7969368.54,10018.06
2023-10-01,1,958.0,9560173.64,9979.3
2026-05-01,3,749.0,4181173.13,5582.34
2026-04-01,2,781.5,7834711.02,10025.22
2025-09-01,1,901.5,8929234.06,9904.86
2023-12-01,3,879.5,5022449.92,5710.57
2024-09-01,1,922.5,9476796.69,10272.95
2025-10-01,4,465.5,3263245.06,7010.19
2023-09-01,1,937.5,9496223.16,10129.3
2023-10-01,3,856.5,4929432.95,5755.32
2024-07-01,1,897.5,9304954.32,10367.64
2024-11-01,4,507.5,3571842.43,7038.11
2025-01-01,2,826.5,8410652.05,10176.23
2025-12-01,1,912.0,9303411.37,10201.11
2025-08-01,1,883.0,9022205.83,10217.67
2025-11-01,3,810.0,4717589.32,5824.18
2026-05-01,2,770.5,7852840.02,10191.88
2024-06-01,4,509.0,3494807.33,6866.03
2026-07-01,1,843.5,8657847.97,10264.19
2024-06-01,3,798.0,4373764.22,5480.91
2024-04-01,3,827.0,4407623.22,5329.65
2026-02-01,2,798.5,7910347.92,9906.51
2024-12-01,4,504.0,3493141.6,6930.84
2024-02-01,2,828.0,8284336.54,10005.24
2023-12-01,2,847.5,8849165.23,10441.49
2024-07-01,4,501.5,3560114.42,7098.93
2024-06-01,1,910.0,9019531.96,9911.57
2025-03-01,2,808.0,7961025.33,9852.75
2024-02-01,4,536.0,3630651.68,6773.6
2024-12-01,2,836.0,8477878.82,10141.0
2024-04-01,2,807.5,8155516.81,10099.71
2026-05-01,1,855.0,8438903.16,9870.06
2025-07-01,1,873.5,8889118.89,10176.44
2025-05-01,2,784.0,7936542.41,10123.14
2024-01-01,4,541.0,3686118.58,6813.53
2026-02-01,4,450.5,3127398.98,6942.06
2025-12-01,4,461.5,3149511.75,6824.51
2026-01-01,2,806.0,8432536.56,10462.2
2025-11-01,1,919.0,9334657.47,10157.41
2026-01-01,3,804.0,4577414.73,5693.3
2026-08-01,4,418.5,2965611.98,7086.29
2025-10-01,2,829.5,8198978.09,9884.24
2024-09-01,4,504.0,3511664.75,6967.59
2024-01-01,2,836.5,8778775.69,10494.65
2026-06-01,3,738.0,3993473.12,5411.21
2023-12-01,1,956.5,9752897.1,10196.44
2024-08-01,2,818.5,8632366.81,10546.57
