cost_center_id,fiscal_month,actual_labor_usd,actual_overtime_usd,actual_nonlabor_usd
1,2023-09-01,2176797.19,89699.12,1238763.37
2,2023-09-01,1045020.71,38901.23,503780.14
3,2023-09-01,639514.83,25808.57,684811.93
4,2023-09-01,607466.41,19761.53,89491.52
5,2023-09-01,711894.98,26501.88,164557.52
6,2023-09-01,1243016.15,45081.41,145354.67
7,2023-09-01,1786423.82,62301.34,1160134.42
8,2023-09-01,1010061.58,44670.72,402379.45
9,2023-09-01,934255.54,39143.9,674437.85
10,2023-09-01,538213.08,21657.97,92162.98
11,2023-09-01,555611.98,20475.95,141347.33
12,2023-09-01,1127446.19,39045.14,157733.2
13,2023-09-01,1159683.04,59311.59,755326.62
14,2023-09-01,603801.06,27447.39,324501.51
15,2023-09-01,326892.18,16888.99,315902.65
16,2023-09-01,269478.1,14747.56,36626.4
17,2023-09-01,241663.86,9529.21,49719.15
18,2023-09-01,395930.34,19540.9,50287.47
19,2023-09-01,754553.93,31341.9,506819.1
20,2023-09-01,481108.44,18390.14,164088.67
21,2023-09-01,355660.35,16430.63,221019.77
22,2023-09-01,273715.67,10207.18,40152.68
23,2023-09-01,298094.9,11979.88,74039.05
24,2023-09-01,440326.97,16338.0,59463.68
1,2023-10-01,2230882.35,87173.06,1210682.49
2,2023-10-01,1056333.93,35254.7,493936.44
3,2023-10-01,628956.33,21938.47,806984.22
4,2023-10-01,581398.75,19010.42,90279.03
5,2023-10-01,709593.81,30544.93,140088.79
6,2023-10-01,1232828.25,48932.18,135355.49
7,2023-10-01,1736723.38,78377.71,1160784.47
8,2023-10-01,1003265.24,45915.6,444094.12
9,2023-10-01,894437.31,34232.31,683672.13
10,2023-10-01,542988.8,25723.42,76611.2
11,2023-10-01,580023.58,20919.99,151631.95
12,2023-10-01,1116692.07,47819.04,161397.6
13,2023-10-01,1229127.29,51460.95,774449.9
14,2023-10-01,653385.75,29416.52,356983.05
15,2023-10-01,326812.51,16961.35,376866.03
16,2023-10-01,274073.62,13041.12,32482.9
17,2023-10-01,246631.86,12073.38,57618.55
18,2023-10-01,410236.66,19666.15,48145.36
19,2023-10-01,745539.13,34171.55,462799.03
20,2023-10-01,492726.1,22784.45,159946.06
21,2023-10-01,371201.06,15102.08,231449.95
22,2023-10-01,276498.02,13207.87,37676.14
23,2023-10-01,292498.63,10194.79,77700.08
24,2023-10-01,465967.26,17748.48,74505.36
1,2023-11-01,2192088.12,86456.76,1217625.72
2,2023-11-01,1074838.56,44122.35,491901.07
3,2023-11-01,637260.73,22033.61,921877.45
4,2023-11-01,581537.69,17561.52,77157.67
5,2023-11-01,736663.46,29619.96,136949.86
6,2023-11-01,1213611.15,36733.09,163224.15
7,2023-11-01,1717764.16,63016.51,989210.43
8,2023-11-01,968386.18,45229.12,491069.88
9,2023-11-01,898285.17,33436.02,840272.16
10,2023-11-01,545180.49,17516.95,90380.45
11,2023-11-01,567950.85,20273.02,139546.66
12,2023-11-01,1138493.45,51395.72,154231.07
13,2023-11-01,1258238.98,67532.29,672379.55
14,2023-11-01,663737.85,36615.56,284853.13
15,2023-11-01,329972.55,13570.94,390335.36
16,2023-11-01,278952.35,12886.76,33819.21
17,2023-11-01,252889.38,12389.22,51546.08
18,2023-11-01,414950.66,19965.0,52166.06
19,2023-11-01,742529.16,30931.67,530861.6
20,2023-11-01,485687.06,18303.01,197640.39
21,2023-11-01,364869.81,15101.65,228272.02
22,2023-11-01,279560.46,10647.77,37661.03
23,2023-11-01,290774.9,14187.67,80411.15
24,2023-11-01,458345.08,17713.43,66361.36
1,2023-12-01,2176838.56,75319.6,1455808.96
2,2023-12-01,1057411.38,38943.72,469967.19
3,2023-12-01,627956.2,20831.18,856549.71
4,2023-12-01,578376.57,22516.65,77170.24
5,2023-12-01,712647.5,24680.1,147474.41
6,2023-12-01,1208913.36,50686.46,150805.31
7,2023-12-01,1740287.91,82143.14,1157615.14
8,2023-12-01,957029.34,36723.32,407308.88
9,2023-12-01,862867.65,33916.5,882241.09
10,2023-12-01,534077.15,17790.23,95640.46
11,2023-12-01,584977.32,26200.98,141177.59
12,2023-12-01,1101095.2,39934.25,148139.08
13,2023-12-01,1265449.76,70229.36,886708.77
14,2023-12-01,646690.08,25671.0,276167.23
15,2023-12-01,324410.31,15512.08,351176.35
16,2023-12-01,276166.48,15100.13,39647.32
17,2023-12-01,249236.95,12508.11,64139.13
18,2023-12-01,418655.66,20124.51,64856.69
19,2023-12-01,749157.85,35442.68,445518.18
20,2023-12-01,471053.79,20840.4,182980.82
21,2023-12-01,369040.68,17307.07,257435.84
22,2023-12-01,270219.75,10453.53,37692.49
23,2023-12-01,301471.38,12226.0,74723.71
24,2023-12-01,448466.4,19133.0,59077.9
1,2024-01-01,2218869.5,94081.0,1388190.55
2,2024-01-01,1061905.57,45350.0,514984.23
3,2024-01-01,603261.49,22909.25,779940.21
4,2024-01-01,592298.72,17656.0,76070.19
5,2024-01-01,704920.81,28957.36,131263.19
6,2024-01-01,1242598.74,41677.7,134018.84
7,2024-01-01,1710969.11,78714.68,1140061.79
8,2024-01-01,955753.62,34486.97,444587.25
9,2024-01-01,885452.3,38398.06,867672.69
10,2024-01-01,530768.6,18013.64,68231.23
11,2024-01-01,582028.47,23665.17,125666.06
12,2024-01-01,1071767.3,48268.94,154269.81
13,2024-01-01,1236833.37,61770.0,844519.28
14,2024-01-01,621799.55,32930.58,298541.25
15,2024-01-01,333624.4,18159.19,395363.33
16,2024-01-01,274215.05,14114.72,31516.62
17,2024-01-01,254269.02,12049.22,61418.17
18,2024-01-01,421706.23,17902.41,48884.0
19,2024-01-01,741702.3,32960.47,412673.46
20,2024-01-01,463486.26,21491.27,188370.5
21,2024-01-01,363711.17,15675.89,218103.66
22,2024-01-01,264796.03,11725.33,37233.74
23,2024-01-01,299152.05,14091.55,70247.08
24,2024-01-01,440258.6,17725.57,72713.65
1,2024-02-01,2127567.25,88344.07,1165363.57
2,2024-02-01,1032114.79,44722.58,483349.81
3,2024-02-01,600107.77,19548.14,718196.46
4,2024-02-01,593506.44,22384.67,76296.27
5,2024-02-01,692719.0,26675.91,156157.34
6,2024-02-01,1226517.94,48806.46,143870.71
7,2024-02-01,1661850.17,58544.43,913816.06
8,2024-02-01,939109.87,32237.66,403826.3
9,2024-02-01,852600.03,32923.91,722018.07
10,2024-02-01,516998.3,23544.97,91035.3
11,2024-02-01,572921.59,24425.3,134104.02
12,2024-02-01,1106336.77,49008.29,149035.5
13,2024-02-01,1212377.52,62080.28,666672.66
14,2024-02-01,604727.03,30876.31,283788.93
15,2024-02-01,323096.64,14674.8,388548.52
16,2024-02-01,261972.38,15163.7,32002.92
17,2024-02-01,248392.63,10512.03,46252.29
18,2024-02-01,421049.66,17892.41,57668.51
19,2024-02-01,717623.41,33720.81,416486.86
20,2024-02-01,460645.8,21103.53,174933.42
21,2024-02-01,355793.65,14353.35,252197.04
22,2024-02-01,265214.06,9495.64,43293.89
23,2024-02-01,292852.63,10538.03,61467.99
24,2024-02-01,427312.49,16245.98,57373.1
1,2024-03-01,2097046.27,66456.27,1367566.63
2,2024-03-01,1024329.62,41187.72,497489.22
3,2024-03-01,594361.8,23598.97,666692.02
4,2024-03-01,574292.83,21975.62,84901.27
5,2024-03-01,690764.04,21254.97,119874.75
6,2024-03-01,1212649.39,35262.49,123169.16
7,2024-03-01,1643413.96,54434.56,1118556.24
8,2024-03-01,940002.99,35263.99,394812.04
9,2024-03-01,856897.54,40373.34,648151.01
10,2024-03-01,529795.55,17195.24,69915.37
11,2024-03-01,571052.73,18920.8,130541.02
12,2024-03-01,1091628.53,49455.18,126724.55
13,2024-03-01,1170063.85,64633.28,651312.5
14,2024-03-01,596676.72,23808.64,308083.41
15,2024-03-01,313435.52,14888.31,344691.8
16,2024-03-01,267897.74,10638.71,36080.16
17,2024-03-01,236977.74,11153.46,46672.81
18,2024-03-01,410999.85,19544.01,54207.88
19,2024-03-01,727677.5,27862.94,482955.81
20,2024-03-01,456058.51,19105.92,179111.83
21,2024-03-01,365683.28,14717.61,196943.56
22,2024-03-01,268589.14,9128.46,43961.89
23,2024-03-01,290580.65,12638.31,61544.8
24,2024-03-01,422502.07,19237.68,62812.52
1,2024-04-01,2146702.42,72543.97,1319077.09
2,2024-04-01,984607.25,32943.96,462919.53
3,2024-04-01,606871.98,24319.09,703111.61
4,2024-04-01,592297.66,20848.38,87612.6
5,2024-04-01,687872.21,25103.24,110049.87
6,2024-04-01,1214258.73,43959.08,143839.39
7,2024-04-01,1611782.84,76397.66,1074758.64
8,2024-04-01,914235.05,38779.7,380676.44
9,2024-04-01,818870.89,34257.79,610482.99
10,2024-04-01,510868.23,20422.65,76586.16
11,2024-04-01,571606.77,26170.81,132124.72
12,2024-04-01,1074907.41,39776.84,142811.22
13,2024-04-01,1145753.14,50648.27,598115.9
14,2024-04-01,609902.99,23727.57,285238.15
15,2024-04-01,317019.07,12742.76,290504.99
16,2024-04-01,267998.81,12867.06,28211.91
17,2024-04-01,228666.3,12199.33,48375.4
18,2024-04-01,396482.9,22870.7,56297.97
19,2024-04-01,708121.64,28660.56,403138.52
20,2024-04-01,454472.47,21115.66,170937.55
21,2024-04-01,358575.08,16220.78,203589.01
22,2024-04-01,263718.54,11684.85,38222.07
23,2024-04-01,283609.66,13372.49,72006.29
24,2024-04-01,414317.89,14241.41,55096.41
1,2024-05-01,2091410.85,70590.35,1228411.74
2,2024-05-01,1011141.03,39124.28,380378.01
3,2024-05-01,608477.67,22552.76,614676.32
4,2024-05-01,586820.03,19185.6,86527.98
5,2024-05-01,708292.27,23160.85,133751.68
6,2024-05-01,1215904.42,51342.86,126722.56
7,2024-05-01,1617183.16,75670.27,924650.14
8,2024-05-01,893411.5,41351.15,412566.62
9,2024-05-01,812316.29,30818.72,615066.91
10,2024-05-01,506914.45,24132.19,70726.58
11,2024-05-01,584775.28,24827.3,111526.16
12,2024-05-01,1053627.35,47576.43,122228.04
13,2024-05-01,1135497.34,58785.21,578615.37
14,2024-05-01,586526.82,28746.22,275772.69
15,2024-05-01,316278.48,16707.58,265749.57
16,2024-05-01,262931.11,13817.48,27208.3
17,2024-05-01,226584.25,9388.34,54535.48
18,2024-05-01,401272.69,21862.78,49816.32
19,2024-05-01,712912.93,24919.32,402765.59
20,2024-05-01,435367.36,16973.36,139996.73
21,2024-05-01,365133.29,12684.9,201558.67
22,2024-05-01,265324.73,10606.74,35525.64
23,2024-05-01,275662.4,12194.95,55874.15
24,2024-05-01,413333.32,16298.61,67049.85
1,2024-06-01,2134998.88,89133.39,1235803.97
2,2024-06-01,990535.44,29810.71,392819.74
3,2024-06-01,614834.65,20804.84,629347.29
4,2024-06-01,593468.31,19337.04,87628.67
5,2024-06-01,663675.74,28750.97,151080.83
6,2024-06-01,1174605.73,37082.54,125813.22
7,2024-06-01,1599090.95,60841.33,914752.53
8,2024-06-01,922400.06,31895.87,410730.54
9,2024-06-01,817097.76,35375.14,660306.75
10,2024-06-01,512199.23,16764.87,85196.74
11,2024-06-01,581382.16,25064.83,123406.77
12,2024-06-01,1045693.34,48284.91,141685.19
13,2024-06-01,1110982.44,51112.02,713379.67
14,2024-06-01,559611.11,24579.74,247898.46
15,2024-06-01,302383.74,15121.62,311575.98
16,2024-06-01,251732.03,13249.96,32258.37
17,2024-06-01,223572.58,12961.69,56647.3
18,2024-06-01,382683.91,18889.6,45124.0
19,2024-06-01,692009.42,26157.82,461685.58
20,2024-06-01,427623.6,18446.15,151850.92
21,2024-06-01,349030.01,13678.26,180643.32
22,2024-06-01,266814.12,9037.87,39014.87
23,2024-06-01,273429.02,12441.62,70132.19
24,2024-06-01,424929.57,16656.52,61226.47
1,2024-07-01,2042779.88,63624.29,1402426.41
2,2024-07-01,950325.1,29446.96,472083.6
3,2024-07-01,604631.07,21152.85,840600.2
4,2024-07-01,575426.58,19695.41,86798.75
5,2024-07-01,675423.5,20442.61,116879.63
6,2024-07-01,1203160.51,46390.8,133666.17
7,2024-07-01,1628512.91,62639.76,1073007.89
8,2024-07-01,925679.41,39276.64,488576.66
9,2024-07-01,797152.47,28170.32,771271.78
10,2024-07-01,510757.78,21555.52,72338.35
11,2024-07-01,598367.55,24890.45,122324.2
12,2024-07-01,1059293.02,41826.45,159128.56
13,2024-07-01,1090620.72,46251.46,570208.51
14,2024-07-01,544944.73,28088.45,263446.7
15,2024-07-01,302238.68,15041.76,308164.86
16,2024-07-01,248732.84,13678.62,30824.2
17,2024-07-01,226605.58,12484.81,56031.09
18,2024-07-01,380430.23,18116.41,46732.34
19,2024-07-01,684529.36,30431.89,503617.21
20,2024-07-01,432180.26,18740.55,166136.18
21,2024-07-01,345242.15,13799.01,216233.42
22,2024-07-01,265026.83,8954.36,40073.8
23,2024-07-01,276410.37,10949.44,69459.97
24,2024-07-01,406299.54,15554.31,56475.77
1,2024-08-01,2162742.07,65320.83,1192466.41
2,2024-08-01,996531.93,32160.1,379218.85
3,2024-08-01,612177.7,20225.97,823803.68
4,2024-08-01,602945.38,24040.29,75462.65
5,2024-08-01,675841.8,20599.28,147613.5
6,2024-08-01,1182560.88,46162.81,139677.7
7,2024-08-01,1672308.93,79790.43,1089916.25
8,2024-08-01,933739.23,34814.31,478134.65
9,2024-08-01,772864.67,37546.56,854438.55
10,2024-08-01,517502.91,22465.61,79195.04
11,2024-08-01,593796.89,28368.78,147393.18
12,2024-08-01,1100846.79,47882.33,141361.7
13,2024-08-01,1125981.86,45623.36,595935.79
14,2024-08-01,553288.25,25142.98,318824.2
15,2024-08-01,305823.54,12804.51,349974.07
16,2024-08-01,257650.28,14257.81,34632.38
17,2024-08-01,233134.92,12855.08,52731.01
18,2024-08-01,395920.36,19179.9,49498.9
19,2024-08-01,691227.22,27647.0,396376.98
20,2024-08-01,438833.01,16094.14,179191.48
21,2024-08-01,327979.58,13546.5,203831.37
22,2024-08-01,265575.09,11208.94,44431.26
23,2024-08-01,289629.12,9880.42,61466.34
24,2024-08-01,400474.64,19155.91,58807.03
1,2024-09-01,2148571.93,67303.18,1367412.78
2,2024-09-01,1027406.78,36120.2,473690.77
3,2024-09-01,607322.1,21798.18,780308.26
4,2024-09-01,556725.2,20996.94,88306.52
5,2024-09-01,684620.37,27268.69,148972.7
6,2024-09-01,1201461.37,46897.78,171612.94
7,2024-09-01,1771867.99,66231.28,938417.17
8,2024-09-01,967584.45,44355.26,431626.62
9,2024-09-01,783050.93,26087.28,745275.47
10,2024-09-01,502057.23,24313.57,89346.36
11,2024-09-01,619102.02,22300.68,134062.05
12,2024-09-01,1168994.4,41741.23,126499.94
13,2024-09-01,1155094.67,47957.31,769867.15
14,2024-09-01,554162.52,32260.77,285707.01
15,2024-09-01,332915.09,17445.59,285532.22
16,2024-09-01,257003.9,10763.31,34059.07
17,2024-09-01,240860.15,12457.41,58672.18
18,2024-09-01,400833.98,19943.92,46628.84
19,2024-09-01,692943.69,31023.34,467786.45
20,2024-09-01,440265.81,18641.66,176080.28
21,2024-09-01,327490.64,12471.43,189060.81
22,2024-09-01,267666.18,9077.6,34792.31
23,2024-09-01,289841.59,12474.43,73229.12
24,2024-09-01,391509.57,16554.02,60755.82
1,2024-10-01,2188862.47,82498.25,1289968.13
2,2024-10-01,993972.92,35392.66,439266.61
3,2024-10-01,610648.99,22724.99,845309.16
4,2024-10-01,552835.93,23063.52,87973.21
5,2024-10-01,671946.24,27830.07,141903.53
6,2024-10-01,1188013.16,45382.57,142892.96
7,2024-10-01,1795674.24,76638.74,1129839.71
8,2024-10-01,987297.18,43199.71,466254.45
9,2024-10-01,784387.22,35163.08,768604.25
10,2024-10-01,517386.78,18752.79,76818.35
11,2024-10-01,632063.97,28018.31,136997.49
12,2024-10-01,1205787.36,48160.72,129459.35
13,2024-10-01,1180999.93,68387.43,677944.93
14,2024-10-01,570593.97,27662.89,300042.89
15,2024-10-01,339930.86,15642.69,367884.34
16,2024-10-01,260831.38,11566.27,32681.72
17,2024-10-01,238185.54,12228.52,56936.59
18,2024-10-01,410125.04,18318.0,47804.48
19,2024-10-01,715395.17,30671.39,473062.84
20,2024-10-01,427070.53,16119.8,155488.1
21,2024-10-01,324420.78,14929.42,206242.34
22,2024-10-01,270357.02,10677.15,44280.6
23,2024-10-01,292142.67,12397.63,60512.46
24,2024-10-01,394378.12,13990.0,72447.39
1,2024-11-01,2239838.58,73980.62,1282790.07
2,2024-11-01,997658.54,36975.39,520126.44
3,2024-11-01,606333.01,23753.22,962168.68
4,2024-11-01,592036.25,24117.03,77117.16
5,2024-11-01,679130.81,20410.16,133581.04
6,2024-11-01,1196585.2,41925.71,125805.89
7,2024-11-01,1710227.36,63932.49,1149206.52
8,2024-11-01,937919.06,38571.51,421316.72
9,2024-11-01,773853.56,25839.5,796379.27
10,2024-11-01,545265.31,22711.44,80709.1
11,2024-11-01,617949.33,24833.73,120218.02
12,2024-11-01,1173599.81,43505.73,142628.62
13,2024-11-01,1197162.68,52946.5,809101.12
14,2024-11-01,584868.92,23556.13,263182.72
15,2024-11-01,351818.26,17546.26,421222.98
16,2024-11-01,248393.18,9619.6,38334.79
17,2024-11-01,238543.85,12077.6,57515.11
18,2024-11-01,401363.05,21391.97,51988.65
19,2024-11-01,694477.83,31740.29,468798.05
20,2024-11-01,464084.95,16039.41,158644.44
21,2024-11-01,332420.97,16152.02,205420.01
22,2024-11-01,269366.52,10051.14,40467.3
23,2024-11-01,298365.62,10541.14,72298.47
24,2024-11-01,409373.58,14290.64,59310.05
1,2024-12-01,2159776.1,87708.53,1185248.05
2,2024-12-01,1009962.8,33875.42,530177.05
3,2024-12-01,603897.68,21962.91,823919.92
4,2024-12-01,592478.88,17134.63,70232.6
5,2024-12-01,691104.96,25623.2,120931.99
6,2024-12-01,1180168.7,41452.61,144155.86
7,2024-12-01,1701522.56,82005.72,883456.6
8,2024-12-01,939856.4,35381.11,404104.1
9,2024-12-01,749875.04,33159.08,847526.75
10,2024-12-01,547002.46,25507.21,74756.02
11,2024-12-01,624220.98,25883.02,112171.33
12,2024-12-01,1189594.67,50004.19,151851.58
13,2024-12-01,1230306.39,64700.56,724538.55
14,2024-12-01,569073.99,23160.42,310239.57
15,2024-12-01,345400.73,16199.62,342702.03
16,2024-12-01,249267.1,11531.55,38077.94
17,2024-12-01,242639.13,10500.74,60321.53
18,2024-12-01,411067.52,22106.69,50731.72
19,2024-12-01,697756.85,31231.3,423948.55
20,2024-12-01,439955.45,16532.2,156392.99
21,2024-12-01,326617.7,15390.27,231942.44
22,2024-12-01,262114.24,9107.14,39421.01
23,2024-12-01,282426.96,12893.06,61923.97
24,2024-12-01,406270.18,14906.73,64310.56
1,2025-01-01,2130412.62,71712.52,1404498.37
2,2025-01-01,968507.97,31223.93,451323.68
3,2025-01-01,582447.39,24845.58,791303.67
4,2025-01-01,587793.23,24923.93,84783.03
5,2025-01-01,688498.67,26735.28,124735.24
6,2025-01-01,1168949.01,44495.54,158848.28
7,2025-01-01,1655000.94,60511.69,1043245.96
8,2025-01-01,927855.34,30565.32,415344.74
9,2025-01-01,769735.83,30282.71,768204.62
10,2025-01-01,531636.09,20717.41,73063.49
11,2025-01-01,606772.47,25707.17,114731.34
12,2025-01-01,1157992.91,44363.11,134920.91
13,2025-01-01,1208768.61,53367.1,678156.78
14,2025-01-01,578806.65,28089.83,325988.77
15,2025-01-01,341880.84,19723.73,350688.43
16,2025-01-01,247534.0,11428.29,33420.32
17,2025-01-01,238719.94,13247.86,50542.99
18,2025-01-01,395326.52,22564.81,46938.16
19,2025-01-01,690983.18,25991.1,365343.72
20,2025-01-01,430302.32,20082.72,161357.48
21,2025-01-01,328712.64,14889.36,199824.48
22,2025-01-01,261839.65,10351.31,39245.84
23,2025-01-01,279561.63,12640.56,68665.2
24,2025-01-01,398860.53,14306.79,61035.68
1,2025-02-01,2130970.46,63388.18,1399539.6
2,2025-02-01,981697.85,32432.93,412611.16
3,2025-02-01,599322.41,20308.37,793332.25
4,2025-02-01,589932.94,20563.93,75017.65
5,2025-02-01,671393.89,22312.31,118042.2
6,2025-02-01,1199848.7,49735.67,146763.33
7,2025-02-01,1665389.75,64042.32,991039.09
8,2025-02-01,916223.45,38725.77,454331.87
9,2025-02-01,778695.98,33623.95,796352.83
10,2025-02-01,526607.29,19461.23,77055.7
11,2025-02-01,594459.1,21409.63,129214.8
12,2025-02-01,1127419.38,41258.91,125042.9
13,2025-02-01,1164719.03,46825.57,773148.5
14,2025-02-01,559202.16,23139.64,274817.52
15,2025-02-01,328903.7,14274.18,367233.97
16,2025-02-01,249750.38,13272.05,31391.66
17,2025-02-01,235344.74,13277.83,51253.01
18,2025-02-01,395021.01,15793.99,46840.74
19,2025-02-01,668852.81,23026.22,466961.88
20,2025-02-01,443046.38,16415.69,147115.26
21,2025-02-01,319907.11,12755.43,230838.49
22,2025-02-01,253794.41,11134.75,34727.65
23,2025-02-01,275530.98,10174.42,62692.86
24,2025-02-01,397545.22,13080.41,55091.93
1,2025-03-01,2048100.28,87661.09,1320584.15
2,2025-03-01,944337.73,40043.05,435709.51
3,2025-03-01,578996.31,19419.03,747603.39
4,2025-03-01,574727.86,18814.25,78038.04
5,2025-03-01,670481.66,26985.56,143164.09
6,2025-03-01,1155366.15,46422.8,126048.94
7,2025-03-01,1655330.78,55991.26,896339.21
8,2025-03-01,923222.44,32182.28,368520.46
9,2025-03-01,747463.91,35549.48,578313.23
10,2025-03-01,520239.16,19421.68,79295.56
11,2025-03-01,603121.73,20496.77,123569.05
12,2025-03-01,1113314.38,46815.03,141838.92
13,2025-03-01,1163023.79,56559.78,689747.32
14,2025-03-01,549855.52,22926.08,248629.46
15,2025-03-01,322966.72,15714.69,321121.28
16,2025-03-01,238233.09,10792.74,34297.32
17,2025-03-01,231549.34,9287.13,47445.44
18,2025-03-01,362466.21,14913.62,47861.42
19,2025-03-01,680373.34,27109.41,448744.54
20,2025-03-01,431847.61,14857.18,139645.79
21,2025-03-01,326218.84,12207.86,172615.27
22,2025-03-01,259744.45,11418.76,37539.7
23,2025-03-01,270286.82,12288.99,55770.12
24,2025-03-01,390617.24,12792.12,66901.31
1,2025-04-01,2034651.68,63694.59,1380626.43
2,2025-04-01,932632.78,32702.23,474421.84
3,2025-04-01,574186.43,18191.63,693280.86
4,2025-04-01,565982.36,24343.94,80421.33
5,2025-04-01,650584.12,23839.76,132498.36
6,2025-04-01,1141613.2,45817.4,134431.36
7,2025-04-01,1638796.4,64493.12,1027227.31
8,2025-04-01,880240.11,32241.34,385136.59
9,2025-04-01,726126.83,32555.46,579003.53
10,2025-04-01,519021.51,22276.66,83213.81
11,2025-04-01,582934.94,25202.31,133090.82
12,2025-04-01,1060882.38,49825.37,138152.88
13,2025-04-01,1125381.32,49669.04,590170.06
14,2025-04-01,556122.85,23035.46,251518.47
15,2025-04-01,319781.4,14349.36,263259.26
16,2025-04-01,236689.69,12320.59,30883.65
17,2025-04-01,230738.36,10810.42,54231.31
18,2025-04-01,361787.02,16751.69,41360.68
19,2025-04-01,632690.73,23743.84,428839.8
20,2025-04-01,428113.88,19262.23,150018.69
21,2025-04-01,315360.17,14056.1,158684.4
22,2025-04-01,257374.5,12173.37,41143.83
23,2025-04-01,264261.15,10963.84,68015.27
24,2025-04-01,379741.14,17129.36,59275.04
1,2025-05-01,2009704.79,65938.36,1286650.83
2,2025-05-01,956419.45,38300.87,465196.06
3,2025-05-01,571403.21,20667.46,700671.93
4,2025-05-01,573091.41,21544.62,66668.82
5,2025-05-01,662807.8,19560.35,123196.6
6,2025-05-01,1183584.04,47745.52,126644.06
7,2025-05-01,1630853.44,60114.31,958162.64
8,2025-05-01,850310.83,34813.1,373038.78
9,2025-05-01,752532.76,25751.1,626261.97
10,2025-05-01,533473.82,24661.85,73298.18
11,2025-05-01,583221.97,21545.4,126017.24
12,2025-05-01,1079928.62,37187.15,145369.25
13,2025-05-01,1125057.2,60906.97,730441.97
14,2025-05-01,536938.41,21401.83,262200.09
15,2025-05-01,314227.25,17051.77,254323.08
16,2025-05-01,227638.95,10286.15,26573.89
17,2025-05-01,225555.87,12594.31,42130.26
18,2025-05-01,374060.34,20010.76,42578.58
19,2025-05-01,600011.33,22489.23,434895.92
20,2025-05-01,414920.2,17257.7,143772.8
21,2025-05-01,312929.62,14302.24,153780.27
22,2025-05-01,256554.36,8578.03,30930.57
23,2025-05-01,270841.71,11524.86,54308.17
24,2025-05-01,368790.16,17211.14,59970.72
1,2025-06-01,1983429.5,75778.77,1152453.44
2,2025-06-01,938430.06,34780.73,435868.64
3,2025-06-01,580235.53,21906.93,729511.03
4,2025-06-01,560065.19,17402.06,72761.13
5,2025-06-01,637883.08,24426.25,127929.29
6,2025-06-01,1151212.8,36069.07,131587.2
7,2025-06-01,1583361.02,64013.29,956825.78
8,2025-06-01,895890.31,33543.94,480223.91
9,2025-06-01,752651.7,34486.54,659946.47
10,2025-06-01,540956.94,18940.17,83377.75
11,2025-06-01,571885.03,22086.46,123357.15
12,2025-06-01,1067601.99,42771.12,132450.36
13,2025-06-01,1117146.85,188558.26,644214.7
14,2025-06-01,526680.81,100570.1,273632.04
15,2025-06-01,315144.34,48484.31,254423.69
16,2025-06-01,222228.39,36729.64,27107.63
17,2025-06-01,224656.24,39490.33,45165.5
18,2025-06-01,372315.61,69696.77,50473.42
19,2025-06-01,600560.71,25197.56,360372.58
20,2025-06-01,404597.74,17651.26,157226.66
21,2025-06-01,316384.85,13732.22,164727.91
22,2025-06-01,246154.65,9549.99,38855.96
23,2025-06-01,263728.84,9820.08,61720.34
24,2025-06-01,363319.09,15307.08,60874.49
1,2025-07-01,2024737.75,85386.84,1152467.42
2,2025-07-01,940025.44,35866.03,388465.75
3,2025-07-01,578636.49,23224.76,862706.53
4,2025-07-01,539250.11,17666.11,86616.76
5,2025-07-01,642727.1,26877.8,129051.31
6,2025-07-01,1185587.11,41805.75,128019.83
7,2025-07-01,1686749.59,71677.46,1067181.67
8,2025-07-01,903796.15,33039.04,412378.45
9,2025-07-01,722318.75,32437.58,788266.43
10,2025-07-01,533195.11,24738.91,83757.39
11,2025-07-01,585858.34,26459.98,127975.72
12,2025-07-01,1100969.88,37207.14,143453.35
13,2025-07-01,1100237.98,170722.46,544326.46
14,2025-07-01,506449.12,75641.73,256931.59
15,2025-07-01,308888.97,49078.99,330782.54
16,2025-07-01,225525.4,37804.92,27316.02
17,2025-07-01,231156.21,41623.56,50694.65
18,2025-07-01,365208.12,51430.84,49603.91
19,2025-07-01,608141.14,21862.61,364843.95
20,2025-07-01,387806.51,14543.58,139468.45
21,2025-07-01,309714.51,14057.83,192462.43
22,2025-07-01,241702.29,10517.8,32801.5
23,2025-07-01,276110.65,9586.05,54505.82
24,2025-07-01,367702.32,14380.13,54233.01
1,2025-08-01,2035670.33,89240.35,1282221.72
2,2025-08-01,922551.18,28454.17,386533.33
3,2025-08-01,592736.04,24739.35,812781.24
4,2025-08-01,563740.02,22333.04,69403.56
5,2025-08-01,688771.99,26330.9,119551.45
6,2025-08-01,1186024.31,42881.51,128241.34
7,2025-08-01,1703684.45,76175.31,1104327.35
8,2025-08-01,946042.31,35697.99,412102.47
9,2025-08-01,731321.04,26002.67,682272.58
10,2025-08-01,533178.29,18968.7,74372.89
11,2025-08-01,593274.21,19999.16,117093.45
12,2025-08-01,1102801.26,49428.32,149374.09
13,2025-08-01,1060382.02,205924.91,604070.61
14,2025-08-01,524507.91,94425.43,299952.94
15,2025-08-01,319942.38,61550.7,304307.82
16,2025-08-01,227841.81,39401.87,32589.02
17,2025-08-01,220024.99,42212.1,54878.62
18,2025-08-01,368979.77,71105.27,53728.44
19,2025-08-01,605424.78,23252.25,347821.79
20,2025-08-01,399393.64,13580.14,149635.59
21,2025-08-01,321375.53,15075.92,191909.83
22,2025-08-01,248917.74,11927.0,37666.32
23,2025-08-01,277245.82,12728.1,53341.28
24,2025-08-01,378995.49,16596.56,52339.35
1,2025-09-01,2063827.94,68624.28,1157444.65
2,2025-09-01,944420.92,33651.08,491938.89
3,2025-09-01,599100.57,26118.55,671145.56
4,2025-09-01,541813.51,16566.81,87377.23
5,2025-09-01,679063.2,28411.89,123872.61
6,2025-09-01,1195000.96,46671.57,154183.84
7,2025-09-01,1705574.2,65632.13,1154702.82
8,2025-09-01,971530.17,39067.11,415971.47
9,2025-09-01,742290.14,32406.36,735414.08
10,2025-09-01,528562.69,25025.96,85207.56
11,2025-09-01,605571.6,28343.23,130913.52
12,2025-09-01,1150143.48,44912.13,152399.12
13,2025-09-01,1111026.85,212930.16,721607.65
14,2025-09-01,513256.31,102762.96,251100.05
15,2025-09-01,340907.98,47837.29,329360.9
16,2025-09-01,228077.21,38893.4,31650.14
17,2025-09-01,220800.37,38823.17,53071.3
18,2025-09-01,394486.9,57290.96,44872.32
19,2025-09-01,605642.5,27203.36,382670.89
20,2025-09-01,389784.81,15908.79,151616.1
21,2025-09-01,324829.63,12294.22,165544.13
22,2025-09-01,251174.79,12013.31,38898.62
23,2025-09-01,270591.61,11676.84,65924.37
24,2025-09-01,386669.86,17127.04,52491.42
1,2025-10-01,2111964.65,68147.98,1242118.54
2,2025-10-01,956229.01,33535.26,393226.46
3,2025-10-01,599496.72,22279.47,665877.04
4,2025-10-01,569219.56,22912.91,75284.68
5,2025-10-01,696425.2,25330.62,118389.38
6,2025-10-01,1221950.65,52361.18,161917.12
7,2025-10-01,1692501.63,76995.45,910150.68
8,2025-10-01,961536.33,43017.05,446099.46
9,2025-10-01,741607.24,31818.87,643609.55
10,2025-10-01,539347.79,20191.79,84109.77
11,2025-10-01,588799.1,27715.72,119859.68
12,2025-10-01,1106035.7,41552.25,124030.03
13,2025-10-01,1170185.05,61963.43,591390.88
14,2025-10-01,544985.91,23769.27,262105.72
15,2025-10-01,339134.52,16513.76,349706.79
16,2025-10-01,221940.3,10238.6,35905.08
17,2025-10-01,231820.14,12317.08,48064.8
18,2025-10-01,426225.41,21767.48,53225.19
19,2025-10-01,602488.1,27801.43,455041.21
20,2025-10-01,402256.92,13891.92,134074.36
21,2025-10-01,324045.81,10618.85,200978.72
22,2025-10-01,255360.83,9810.9,32339.03
23,2025-10-01,264192.05,9501.37,63393.09
24,2025-10-01,385146.88,16459.63,55843.96
1,2025-11-01,2140526.72,71822.91,1200369.83
2,2025-11-01,963477.72,32139.24,471859.73
3,2025-11-01,617610.12,24490.1,881983.42
4,2025-11-01,576404.17,21936.63,86682.82
5,2025-11-01,688588.02,23406.89,115947.58
6,2025-11-01,1214427.99,50341.48,152642.1
7,2025-11-01,1661977.94,67574.2,1198936.74
8,2025-11-01,959637.21,41683.52,510076.01
9,2025-11-01,742984.09,28654.23,819942.98
10,2025-11-01,524776.89,24985.64,89606.25
11,2025-11-01,604041.35,20597.89,115521.99
12,2025-11-01,1086554.46,44984.95,127763.34
13,2025-11-01,1154265.05,48100.0,740638.0
14,2025-11-01,536818.86,25806.3,332555.57
15,2025-11-01,358878.48,20121.37,395979.71
16,2025-11-01,237878.25,10651.98,32132.32
17,2025-11-01,240176.04,13367.79,49080.28
18,2025-11-01,435882.25,25454.94,59802.13
19,2025-11-01,605488.73,25858.93,397660.56
20,2025-11-01,407390.17,14952.62,150668.95
21,2025-11-01,306732.31,12932.46,213014.89
22,2025-11-01,250935.4,10089.01,34606.64
23,2025-11-01,258893.2,10018.91,55164.01
24,2025-11-01,401374.99,17574.86,64396.47
1,2025-12-01,2084938.27,90754.45,1409576.74
2,2025-12-01,930891.97,30963.27,497048.09
3,2025-12-01,586754.18,20657.75,713497.19
4,2025-12-01,572895.16,24127.19,73973.59
5,2025-12-01,671584.32,23644.04,151592.6
6,2025-12-01,1222400.09,48724.19,149388.28
7,2025-12-01,1649120.39,77892.52,1087043.23
8,2025-12-01,970692.6,44238.49,390789.99
9,2025-12-01,732954.13,24852.48,717632.76
10,2025-12-01,532925.83,19671.66,81560.85
11,2025-12-01,587111.25,20244.13,110839.39
12,2025-12-01,1067852.34,42863.36,151471.83
13,2025-12-01,1117968.81,48292.77,630340.31
14,2025-12-01,537888.04,24773.22,311004.11
15,2025-12-01,350321.36,14240.77,317264.59
16,2025-12-01,235852.71,9374.62,37353.59
17,2025-12-01,243588.86,13165.07,52007.38
18,2025-12-01,450771.49,22735.66,54865.27
19,2025-12-01,596818.52,29026.58,357932.46
20,2025-12-01,405797.14,16220.72,136587.29
21,2025-12-01,296475.05,12956.93,203718.88
22,2025-12-01,250674.15,10986.3,40415.37
23,2025-12-01,255129.4,8826.3,65213.65
24,2025-12-01,399123.85,14861.98,48747.18
1,2026-01-01,2089715.92,80297.3,1336150.51
2,2026-01-01,945917.49,40196.64,471950.12
3,2026-01-01,599737.98,22963.45,839050.32
4,2026-01-01,574777.37,18550.83,80526.69
5,2026-01-01,669229.35,28192.84,140510.45
6,2026-01-01,1262548.5,45489.56,130522.84
7,2026-01-01,1635000.4,67496.12,1148652.14
8,2026-01-01,934481.5,37422.69,416914.06
9,2026-01-01,733314.17,29744.16,813865.04
10,2026-01-01,519197.31,24337.23,87923.4
11,2026-01-01,572013.25,20873.6,138252.56
12,2026-01-01,1063181.97,38654.42,151212.54
13,2026-01-01,1107425.27,62049.84,731475.17
14,2026-01-01,547500.63,28160.99,261396.44
15,2026-01-01,354700.19,19597.71,372276.93
16,2026-01-01,235872.65,12586.13,29914.0
17,2026-01-01,244149.79,10435.23,49017.21
18,2026-01-01,440286.62,24788.45,45781.48
19,2026-01-01,611352.51,21951.87,432512.45
20,2026-01-01,388788.67,13589.51,134315.53
21,2026-01-01,298710.36,11640.92,224175.48
22,2026-01-01,241687.5,8925.35,35545.0
23,2026-01-01,260666.92,10383.83,54390.55
24,2026-01-01,394185.57,13150.73,60841.69
1,2026-02-01,2059106.15,83144.27,1090505.49
2,2026-02-01,933915.96,28010.33,446980.8
3,2026-02-01,579030.0,24330.83,841303.36
4,2026-02-01,557582.75,19709.64,68868.55
5,2026-02-01,655191.92,19681.63,146749.04
6,2026-02-01,1210131.58,52996.15,141426.81
7,2026-02-01,1620798.93,53886.43,847679.75
8,2026-02-01,949731.65,39640.8,376213.17
9,2026-02-01,743890.59,34876.02,750653.65
10,2026-02-01,508229.89,20000.14,69695.44
11,2026-02-01,556863.13,19726.72,103467.88
12,2026-02-01,1056792.16,40924.94,117276.63
13,2026-02-01,1092388.82,48064.14,738065.48
14,2026-02-01,523439.42,26650.52,270679.29
15,2026-02-01,346550.99,19049.09,378994.45
16,2026-02-01,238379.3,13076.26,34383.36
17,2026-02-01,230143.18,13337.49,48255.96
18,2026-02-01,429131.4,19405.6,51647.85
19,2026-02-01,607197.88,22453.96,365776.05
20,2026-02-01,395153.26,13484.3,154947.25
21,2026-02-01,305669.79,11470.2,188010.83
22,2026-02-01,249661.37,11418.71,36650.47
23,2026-02-01,244910.58,9685.71,56505.37
24,2026-02-01,385261.17,18090.35,51051.73
1,2026-03-01,2000260.89,77301.71,1169518.54
2,2026-03-01,906309.82,35608.52,384837.53
3,2026-03-01,578844.98,18896.53,679516.01
4,2026-03-01,558687.85,19989.65,79954.75
5,2026-03-01,672295.79,22287.89,112618.23
6,2026-03-01,1174119.56,41219.19,129343.61
7,2026-03-01,1552959.06,71143.13,903617.47
8,2026-03-01,921054.62,37725.38,386567.33
9,2026-03-01,743547.13,29950.46,691596.68
10,2026-03-01,512675.7,21877.5,70957.6
11,2026-03-01,549887.04,26610.23,100518.45
12,2026-03-01,1071408.92,49108.59,129998.17
13,2026-03-01,1094683.99,50514.3,600818.81
14,2026-03-01,515834.84,21179.26,293168.01
15,2026-03-01,349232.19,16394.47,308968.6
16,2026-03-01,228447.98,11845.43,29894.88
17,2026-03-01,228174.65,11499.9,43190.88
18,2026-03-01,421115.31,17903.61,48961.29
19,2026-03-01,580221.35,26865.83,376227.16
20,2026-03-01,367252.09,15785.64,162778.74
21,2026-03-01,298177.87,11142.99,167985.73
22,2026-03-01,244071.03,9509.03,38395.91
23,2026-03-01,237759.08,9354.58,61836.91
24,2026-03-01,383219.31,13448.58,52453.13
1,2026-04-01,1969877.36,72766.86,1275809.1
2,2026-04-01,880019.15,37395.47,416137.83
3,2026-04-01,576254.88,17115.5,590867.24
4,2026-04-01,553377.97,20177.91,77568.49
5,2026-04-01,668885.81,25083.43,128020.63
6,2026-04-01,1188310.99,49760.09,124863.35
7,2026-04-01,1539666.71,53611.4,1014271.33
8,2026-04-01,919043.88,41617.38,413382.18
9,2026-04-01,742023.94,30308.45,561312.77
10,2026-04-01,495814.34,19360.79,67013.95
11,2026-04-01,556971.19,22086.45,110165.98
12,2026-04-01,1066627.14,45947.23,135485.91
13,2026-04-01,1031243.59,42928.73,676992.01
14,2026-04-01,499535.87,26761.03,222476.85
15,2026-04-01,333925.76,15532.68,288877.19
16,2026-04-01,232370.21,12766.62,27478.53
17,2026-04-01,229911.12,11940.84,43017.99
18,2026-04-01,427244.68,19426.35,48862.35
19,2026-04-01,586823.92,19014.84,379236.48
20,2026-04-01,354685.09,13757.82,125876.82
21,2026-04-01,304589.34,9984.5,156420.54
22,2026-04-01,243819.28,8329.54,35582.39
23,2026-04-01,244518.01,8031.1,57204.38
24,2026-04-01,385767.3,14566.31,55440.04
1,2026-05-01,1911127.77,63613.31,1103298.61
2,2026-05-01,898178.55,28006.05,351064.1
3,2026-05-01,550484.16,22411.4,698911.12
4,2026-05-01,564593.41,22893.66,70321.26
5,2026-05-01,663793.11,27226.08,133637.44
6,2026-05-01,1165768.2,44028.89,119546.04
7,2026-05-01,1551525.68,66327.89,957697.9
8,2026-05-01,924803.15,43842.54,399049.15
9,2026-05-01,724032.5,34270.58,673015.38
10,2026-05-01,508249.78,19615.59,75646.33
11,2026-05-01,565749.72,19331.49,115396.77
12,2026-05-01,1005542.43,33753.63,134989.51
13,2026-05-01,1040138.97,47855.81,615538.53
14,2026-05-01,498247.04,25458.85,271665.02
15,2026-05-01,328510.52,15183.43,287997.58
16,2026-05-01,235726.57,9374.54,29732.61
17,2026-05-01,233583.94,9729.75,46006.74
18,2026-05-01,415620.2,23572.36,47230.67
19,2026-05-01,561577.83,19521.15,322394.69
20,2026-05-01,343204.32,13256.91,125605.64
21,2026-05-01,286656.45,12137.07,152667.5
22,2026-05-01,249962.95,9689.37,31083.05
23,2026-05-01,246823.06,8856.92,53134.54
24,2026-05-01,398294.75,17179.04,58781.48
1,2026-06-01,1865549.05,65983.69,1371820.24
2,2026-06-01,866017.16,28079.39,398660.7
3,2026-06-01,550321.08,18860.79,711157.29
4,2026-06-01,551795.61,17621.78,66983.38
5,2026-06-01,653166.91,24143.82,104207.87
6,2026-06-01,1145980.33,46742.64,136938.62
7,2026-06-01,1542363.15,71015.02,983284.32
8,2026-06-01,881771.06,31933.1,451772.46
9,2026-06-01,731743.68,32961.94,691180.96
10,2026-06-01,501768.31,17620.05,71019.6
11,2026-06-01,564711.16,20198.06,104884.96
12,2026-06-01,983829.19,42813.82,145917.57
13,2026-06-01,1009648.5,57087.82,571795.72
14,2026-06-01,490200.13,22594.32,219448.69
15,2026-06-01,315097.76,16632.0,243025.94
16,2026-06-01,229938.56,11289.26,26105.34
17,2026-06-01,228409.08,13193.92,50090.43
18,2026-06-01,416480.68,23445.35,48989.62
19,2026-06-01,574262.06,26699.08,312292.75
20,2026-06-01,342541.33,14466.5,129303.6
21,2026-06-01,275055.67,9136.83,137925.97
22,2026-06-01,244050.89,11370.92,33138.61
23,2026-06-01,239329.53,11543.17,51458.57
24,2026-06-01,380154.98,17094.34,55834.64
1,2026-07-01,1909925.12,57743.11,1218871.76
2,2026-07-01,900266.93,32420.06,461269.02
3,2026-07-01,557633.75,20256.14,700278.87
4,2026-07-01,577398.35,20110.41,73176.08
5,2026-07-01,663878.53,23624.11,138405.12
6,2026-07-01,1139078.89,44117.04,119394.68
7,2026-07-01,1582976.78,56919.41,1057976.27
8,2026-07-01,894571.1,34500.86,409097.71
9,2026-07-01,750843.26,34173.7,712719.5
10,2026-07-01,497962.01,16510.38,75544.07
11,2026-07-01,573436.39,24053.26,124496.14
12,2026-07-01,1031898.91,39693.2,138492.14
13,2026-07-01,980218.85,45345.92,668489.75
14,2026-07-01,483201.09,25308.09,259660.22
15,2026-07-01,310862.47,15762.57,299854.72
16,2026-07-01,222994.7,9731.3,32150.99
17,2026-07-01,223513.91,12185.82,44758.91
18,2026-07-01,411836.16,19741.89,44940.41
19,2026-07-01,560154.68,20087.58,387351.68
20,2026-07-01,346071.3,14449.56,135420.08
21,2026-07-01,277731.44,9741.99,185578.85
22,2026-07-01,238739.07,9967.01,28682.57
23,2026-07-01,248439.05,10775.06,56650.25
24,2026-07-01,377410.54,13287.57,54572.61
1,2026-08-01,1912906.42,73169.17,1380932.43
2,2026-08-01,910233.82,32225.08,387592.93
3,2026-08-01,549975.26,22836.92,698634.66
4,2026-08-01,568284.97,18507.47,81933.94
5,2026-08-01,689142.19,22259.25,125488.96
6,2026-08-01,1230856.32,41219.96,128319.1
7,2026-08-01,1628259.34,57895.68,952164.13
8,2026-08-01,920479.46,40885.22,488144.65
9,2026-08-01,779924.44,33077.09,672752.26
10,2026-08-01,523503.37,24380.47,69367.12
11,2026-08-01,599844.02,28336.48,131145.37
12,2026-08-01,1018960.56,45024.37,121879.5
13,2026-08-01,1012331.88,42423.72,670428.16
14,2026-08-01,510009.85,26184.89,272292.1
15,2026-08-01,314329.87,12380.44,278774.87
16,2026-08-01,220834.2,9933.3,32097.01
17,2026-08-01,231283.77,13263.44,44354.02
18,2026-08-01,409094.67,17060.54,52432.03
19,2026-08-01,570777.95,18847.55,365023.12
20,2026-08-01,329874.04,14472.63,151048.02
21,2026-08-01,285797.48,11085.25,178159.59
22,2026-08-01,232858.27,9434.02,28820.97
23,2026-08-01,258472.82,12013.19,57393.62
24,2026-08-01,368511.05,12801.33,60221.08
