cost_center_id,fiscal_month,planned_headcount,planned_labor_usd,planned_nonlabor_usd
1,2023-09-01,402.2,2257012.33,1384128.88
1,2023-10-01,406.5,2281142.5,1323173.54
1,2023-11-01,405.8,2277214.33,1350677.78
1,2023-12-01,400.0,2244666.67,1407905.87
1,2024-01-01,390.6,2191917.0,1260362.03
1,2024-02-01,379.9,2131872.17,1266158.52
1,2024-03-01,370.6,2079683.67,1306671.97
1,2024-04-01,364.9,2047697.17,1225897.35
1,2024-05-01,364.2,2043769.0,1190286.77
1,2024-06-01,368.5,2067899.17,1293443.53
1,2024-07-01,376.3,2111670.17,1323501.28
1,2024-08-01,385.5,2163297.5,1307897.39
1,2024-09-01,393.3,2207068.5,1271752.53
1,2024-10-01,397.4,2230076.33,1346112.45
1,2024-11-01,396.7,2226148.17,1401978.07
1,2024-12-01,391.0,2194161.67,1256528.41
1,2025-01-01,381.8,2142534.33,1307016.99
1,2025-02-01,371.3,2083611.83,1284249.21
1,2025-03-01,362.2,2032545.67,1203087.16
1,2025-04-01,356.7,2001681.5,1243930.21
1,2025-05-01,356.0,1997753.33,1169496.71
1,2025-06-01,360.1,2020761.17,1233053.08
1,2025-07-01,367.8,2063971.0,1248142.63
1,2025-08-01,376.7,2113914.83,1239967.11
1,2025-09-01,384.3,2156563.5,1288679.94
1,2025-10-01,388.3,2179010.17,1357167.58
1,2025-11-01,387.5,2174520.83,1287791.56
1,2025-12-01,382.0,2143656.67,1308581.39
1,2026-01-01,373.0,2093151.67,1263442.71
1,2026-02-01,362.8,2035912.67,1191734.25
1,2026-03-01,353.8,1985407.67,1224235.17
1,2026-04-01,348.4,1955104.67,1200940.12
1,2026-05-01,347.7,1951176.5,1216746.98
1,2026-06-01,351.7,1973623.17,1227044.15
1,2026-07-01,359.2,2015710.67,1172162.64
1,2026-08-01,367.9,2064532.17,1285928.74
2,2023-09-01,189.5,1042060.5,455224.46
2,2023-10-01,191.5,1053058.5,462932.8
2,2023-11-01,191.1,1050858.9,465278.67
2,2023-12-01,188.4,1036011.6,447220.05
2,2024-01-01,184.0,1011816.0,475599.2
2,2024-02-01,178.9,983771.1,463159.18
2,2024-03-01,174.5,959575.5,449684.38
2,2024-04-01,171.9,945278.1,431041.22
2,2024-05-01,171.6,943628.4,426325.75
2,2024-06-01,173.6,954626.4,421083.02
2,2024-07-01,177.3,974972.7,450473.92
2,2024-08-01,181.6,998618.4,428725.74
2,2024-09-01,185.2,1018414.8,438979.26
2,2024-10-01,187.2,1029412.8,467210.9
2,2024-11-01,186.8,1027213.2,471245.84
2,2024-12-01,184.2,1012915.8,477331.17
2,2025-01-01,179.8,988720.2,428074.88
2,2025-02-01,174.9,961775.1,453602.44
2,2025-03-01,170.6,938129.4,401299.51
2,2025-04-01,168.0,923832.0,428619.91
2,2025-05-01,167.7,922182.3,418788.58
2,2025-06-01,169.6,932630.4,414764.17
2,2025-07-01,173.2,952426.8,424666.86
2,2025-08-01,177.4,975522.6,432866.46
2,2025-09-01,181.0,995319.0,465250.55
2,2025-10-01,182.9,1005767.1,443401.53
2,2025-11-01,182.5,1003567.5,452746.44
2,2025-12-01,179.9,989270.1,455258.86
2,2026-01-01,175.7,966174.3,422255.85
2,2026-02-01,170.9,939779.1,424868.76
2,2026-03-01,166.6,916133.4,430426.23
2,2026-04-01,164.1,902385.9,398129.28
2,2026-05-01,163.8,900736.2,397755.56
2,2026-06-01,165.7,911184.3,419901.64
2,2026-07-01,169.2,930430.8,427592.1
2,2026-08-01,173.3,952976.7,429116.36
3,2023-09-01,93.2,711815.0,762492.83
3,2023-10-01,94.2,719452.5,739355.31
3,2023-11-01,94.0,717925.0,891988.44
3,2023-12-01,92.7,707996.25,884412.98
3,2024-01-01,90.5,691193.75,846983.38
3,2024-02-01,88.0,672100.0,781126.19
3,2024-03-01,85.9,656061.25,711734.48
3,2024-04-01,84.5,645368.75,666679.4
3,2024-05-01,84.4,644605.0,677793.37
3,2024-06-01,85.4,652242.5,655597.8
3,2024-07-01,87.2,665990.0,794996.98
3,2024-08-01,89.3,682028.75,798685.3
3,2024-09-01,91.1,695776.25,699315.39
3,2024-10-01,92.1,703413.75,770421.34
3,2024-11-01,91.9,701886.25,880282.94
3,2024-12-01,90.6,691957.5,862892.88
3,2025-01-01,88.5,675918.75,846135.93
3,2025-02-01,86.0,656825.0,766115.63
3,2025-03-01,83.9,640786.25,704605.25
3,2025-04-01,82.6,630857.5,645014.26
3,2025-05-01,82.5,630093.75,663429.31
3,2025-06-01,83.4,636967.5,668019.65
3,2025-07-01,85.2,650715.0,774815.34
3,2025-08-01,87.3,666753.75,747291.81
3,2025-09-01,89.0,679737.5,745020.1
3,2025-10-01,90.0,687375.0,712742.69
3,2025-11-01,89.8,685847.5,806952.83
3,2025-12-01,88.5,675918.75,781739.57
3,2026-01-01,86.4,659880.0,783785.41
3,2026-02-01,84.0,641550.0,778271.26
3,2026-03-01,82.0,626275.0,654269.5
3,2026-04-01,80.7,616346.25,635894.32
3,2026-05-01,80.6,615582.5,637881.18
3,2026-06-01,81.5,622456.25,654932.78
3,2026-07-01,83.2,635440.0,735813.19
3,2026-08-01,85.2,650715.0,776224.18
4,2023-09-01,77.3,557719.5,80161.06
4,2023-10-01,78.1,563491.5,85790.26
4,2023-11-01,78.0,562770.0,81604.06
4,2023-12-01,76.9,554833.5,87072.16
4,2024-01-01,75.1,541846.5,84387.57
4,2024-02-01,73.0,526695.0,79714.72
4,2024-03-01,71.2,513708.0,77289.23
4,2024-04-01,70.1,505771.5,79178.46
4,2024-05-01,70.0,505050.0,78834.17
4,2024-06-01,70.8,510822.0,78395.7
4,2024-07-01,72.3,521644.5,78324.89
4,2024-08-01,74.1,534631.5,84161.95
4,2024-09-01,75.6,545454.0,82221.08
4,2024-10-01,76.4,551226.0,80888.68
4,2024-11-01,76.2,549783.0,86277.09
4,2024-12-01,75.1,541846.5,78997.26
4,2025-01-01,73.4,529581.0,81524.48
4,2025-02-01,71.4,515151.0,79463.74
4,2025-03-01,69.6,502164.0,73527.36
4,2025-04-01,68.5,494227.5,73575.29
4,2025-05-01,68.4,493506.0,70878.08
4,2025-06-01,69.2,499278.0,76527.85
4,2025-07-01,70.7,510100.5,79303.03
4,2025-08-01,72.4,522366.0,77457.06
4,2025-09-01,73.8,532467.0,81453.95
4,2025-10-01,74.6,538239.0,81300.25
4,2025-11-01,74.5,537517.5,81842.26
4,2025-12-01,73.4,529581.0,82468.6
4,2026-01-01,71.7,517315.5,74789.02
4,2026-02-01,69.7,502885.5,76976.85
4,2026-03-01,68.0,490620.0,72966.28
4,2026-04-01,66.9,482683.5,69960.36
4,2026-05-01,66.8,481962.0,73662.62
4,2026-06-01,67.6,487734.0,72258.02
4,2026-07-01,69.0,497835.0,78018.06
4,2026-08-01,70.7,510100.5,74074.76
5,2023-09-01,72.5,565500.0,148265.92
5,2023-10-01,73.3,571740.0,145658.23
5,2023-11-01,73.1,570180.0,141579.01
5,2023-12-01,72.1,562380.0,140072.71
5,2024-01-01,70.4,549120.0,139489.05
5,2024-02-01,68.5,534300.0,140099.83
5,2024-03-01,66.8,521040.0,134749.31
5,2024-04-01,65.8,513240.0,123861.75
5,2024-05-01,65.7,512460.0,129261.6
5,2024-06-01,66.4,517920.0,135254.14
5,2024-07-01,67.8,528840.0,126820.51
5,2024-08-01,69.5,542100.0,139517.07
5,2024-09-01,70.9,553020.0,133807.74
5,2024-10-01,71.6,558480.0,135715.73
5,2024-11-01,71.5,557700.0,145901.11
5,2024-12-01,70.5,549900.0,135224.16
5,2025-01-01,68.8,536640.0,139537.18
5,2025-02-01,66.9,521820.0,125466.27
5,2025-03-01,65.3,509340.0,133095.26
5,2025-04-01,64.3,501540.0,127247.16
5,2025-05-01,64.2,500760.0,127422.79
5,2025-06-01,64.9,506220.0,122709.19
5,2025-07-01,66.3,517140.0,133563.64
5,2025-08-01,67.9,529620.0,131083.0
5,2025-09-01,69.3,540540.0,130811.45
5,2025-10-01,70.0,546000.0,131191.18
5,2025-11-01,69.9,545220.0,130216.3
5,2025-12-01,68.9,537420.0,140174.25
5,2026-01-01,67.2,524160.0,132808.87
5,2026-02-01,65.4,510120.0,132684.47
5,2026-03-01,63.8,497640.0,127684.9
5,2026-04-01,62.8,489840.0,120933.22
5,2026-05-01,62.7,489060.0,121047.02
5,2026-06-01,63.4,494520.0,117916.99
5,2026-07-01,64.7,504660.0,126065.14
5,2026-08-01,66.3,517140.0,134653.54
6,2023-09-01,111.0,1266352.75,151531.12
6,2023-10-01,112.2,1280043.05,153782.07
6,2023-11-01,112.0,1277761.33,150827.17
6,2023-12-01,110.4,1259507.6,157537.71
6,2024-01-01,107.8,1229845.28,143653.93
6,2024-02-01,104.9,1196760.39,138161.08
6,2024-03-01,102.3,1167098.07,139029.01
6,2024-04-01,100.7,1148844.34,137818.62
6,2024-05-01,100.5,1146562.62,143312.24
6,2024-06-01,101.7,1160252.93,136598.65
6,2024-07-01,103.9,1185351.81,144037.55
6,2024-08-01,106.4,1213873.27,151145.5
6,2024-09-01,108.6,1238972.15,153909.73
6,2024-10-01,109.7,1251521.59,154350.95
6,2024-11-01,109.5,1249239.88,142859.71
6,2024-12-01,107.9,1230986.14,151720.61
6,2025-01-01,105.4,1202464.68,147064.74
6,2025-02-01,102.5,1169379.79,135216.93
6,2025-03-01,100.0,1140858.33,132941.19
6,2025-04-01,98.5,1123745.46,129324.34
6,2025-05-01,98.3,1121463.74,140287.37
6,2025-06-01,99.4,1134013.18,140393.02
6,2025-07-01,101.5,1157971.21,144712.7
6,2025-08-01,104.0,1186492.67,138797.12
6,2025-09-01,106.1,1210450.69,141745.42
6,2025-10-01,107.2,1223000.13,151678.82
6,2025-11-01,107.0,1220718.42,140103.22
6,2025-12-01,105.5,1203605.54,139149.58
6,2026-01-01,103.0,1175084.08,140597.94
6,2026-02-01,100.1,1141999.19,132606.4
6,2026-03-01,97.7,1114618.59,134360.74
6,2026-04-01,96.2,1097505.72,136479.13
6,2026-05-01,96.0,1095224.0,125455.6
6,2026-06-01,97.1,1107773.44,128704.05
6,2026-07-01,99.2,1131731.47,129057.06
6,2026-08-01,101.6,1159112.07,141730.98
7,2023-09-01,320.7,1799661.5,1073953.65
7,2023-10-01,322.4,1809201.33,1117163.21
7,2023-11-01,319.9,1795172.17,1116759.21
7,2023-12-01,313.8,1760941.0,1082249.36
7,2024-01-01,305.7,1715486.5,1078405.12
7,2024-02-01,297.7,1670593.17,994316.15
7,2024-03-01,291.7,1636923.17,1021418.29
7,2024-04-01,289.2,1622894.0,1021560.4
7,2024-05-01,290.8,1631872.67,958564.78
7,2024-06-01,296.0,1661053.33,973411.22
7,2024-07-01,303.1,1700896.17,1022018.91
7,2024-08-01,310.3,1741300.17,994776.51
7,2024-09-01,315.4,1769919.67,1052858.56
7,2024-10-01,317.0,1778898.33,1037354.15
7,2024-11-01,314.5,1764869.17,1077397.72
7,2024-12-01,308.5,1731199.17,1000213.57
7,2025-01-01,300.6,1686867.0,987107.96
7,2025-02-01,292.6,1641973.67,945973.98
7,2025-03-01,286.7,1608864.83,985433.24
7,2025-04-01,284.3,1595396.83,964845.85
7,2025-05-01,285.9,1604375.5,988443.26
7,2025-06-01,291.0,1632995.0,998878.91
7,2025-07-01,298.0,1672276.67,980714.4
7,2025-08-01,305.0,1711558.33,1029106.49
7,2025-09-01,310.0,1739616.67,1075268.95
7,2025-10-01,311.6,1748595.33,1002087.8
7,2025-11-01,309.1,1734566.17,1092447.61
7,2025-12-01,303.3,1702018.5,974400.28
7,2026-01-01,295.4,1657686.33,1035326.58
7,2026-02-01,287.6,1613915.33,945242.87
7,2026-03-01,281.8,1581367.67,934889.39
7,2026-04-01,279.4,1567899.67,940564.0
7,2026-05-01,281.0,1576878.33,925124.05
7,2026-06-01,286.0,1604936.67,940478.38
7,2026-07-01,292.9,1643657.17,948359.32
7,2026-08-01,299.7,1681816.5,1051684.35
8,2023-09-01,190.0,1044810.0,451453.81
8,2023-10-01,191.0,1050309.0,490495.84
8,2023-11-01,189.5,1042060.5,447839.07
8,2023-12-01,185.9,1022264.1,455893.06
8,2024-01-01,181.1,995868.9,465593.66
8,2024-02-01,176.4,970023.6,440175.59
8,2024-03-01,172.8,950227.2,424037.76
8,2024-04-01,171.3,941978.7,414553.98
8,2024-05-01,172.3,947477.7,438876.67
8,2024-06-01,175.4,964524.6,430860.76
8,2024-07-01,179.6,987620.4,456281.29
8,2024-08-01,183.8,1010716.2,457076.73
8,2024-09-01,186.9,1027763.1,459238.4
8,2024-10-01,187.8,1032712.2,487451.58
8,2024-11-01,186.3,1024463.7,457809.13
8,2024-12-01,182.8,1005217.2,443536.52
8,2025-01-01,178.1,979371.9,453730.45
8,2025-02-01,173.4,953526.6,422676.72
8,2025-03-01,169.9,934280.1,408033.16
8,2025-04-01,168.5,926581.5,398774.56
8,2025-05-01,169.4,931530.6,415523.39
8,2025-06-01,172.4,948027.6,445635.59
8,2025-07-01,176.6,971123.4,448497.23
8,2025-08-01,180.7,993669.3,434420.11
8,2025-09-01,183.7,1010166.3,439294.68
8,2025-10-01,184.6,1015115.4,469676.65
8,2025-11-01,183.1,1006866.9,465591.28
8,2025-12-01,179.7,988170.3,443882.03
8,2026-01-01,175.0,962325.0,446215.59
8,2026-02-01,170.4,937029.6,421549.84
8,2026-03-01,167.0,918333.0,423977.0
8,2026-04-01,165.6,910634.4,393865.94
8,2026-05-01,166.5,915583.5,426557.58
8,2026-06-01,169.4,931530.6,419513.72
8,2026-07-01,173.5,954076.5,443500.02
8,2026-08-01,177.6,976622.4,441130.99
9,2023-09-01,90.7,692721.25,737745.57
9,2023-10-01,91.1,695776.25,729253.66
9,2023-11-01,90.4,690430.0,802309.49
9,2023-12-01,88.7,677446.25,825157.7
9,2024-01-01,86.4,659880.0,783181.52
9,2024-02-01,84.1,642313.75,770654.69
9,2024-03-01,82.4,629330.0,672844.4
9,2024-04-01,81.7,623983.75,681621.37
9,2024-05-01,82.2,627802.5,659071.91
9,2024-06-01,83.7,639258.75,683064.11
9,2024-07-01,85.7,654533.75,720587.37
9,2024-08-01,87.7,669808.75,774928.76
9,2024-09-01,89.1,680501.25,682534.85
9,2024-10-01,89.6,684320.0,704426.04
9,2024-11-01,88.9,678973.75,827961.09
9,2024-12-01,87.2,665990.0,816009.2
9,2025-01-01,85.0,649187.5,822298.57
9,2025-02-01,82.7,631621.25,772779.06
9,2025-03-01,81.0,618637.5,655723.99
9,2025-04-01,80.4,614055.0,628826.19
9,2025-05-01,80.8,617110.0,656562.17
9,2025-06-01,82.2,627802.5,681492.5
9,2025-07-01,84.2,643077.5,747573.1
9,2025-08-01,86.2,658352.5,767630.72
9,2025-09-01,87.6,669045.0,691178.96
9,2025-10-01,88.1,672863.75,693916.54
9,2025-11-01,87.4,667517.5,776360.21
9,2025-12-01,85.7,654533.75,798767.27
9,2026-01-01,83.5,637731.25,782485.5
9,2026-02-01,81.3,620928.75,785691.96
9,2026-03-01,79.7,608708.75,637196.94
9,2026-04-01,79.0,603362.5,606949.18
9,2026-05-01,79.4,606417.5,616632.9
9,2026-06-01,80.8,617110.0,649958.4
9,2026-07-01,82.8,632385.0,744218.46
9,2026-08-01,84.7,646896.25,730475.46
10,2023-09-01,77.7,560605.5,83235.98
10,2023-10-01,78.1,563491.5,85251.04
10,2023-11-01,77.5,559162.5,82962.21
10,2023-12-01,76.1,549061.5,86146.7
10,2024-01-01,74.1,534631.5,76227.97
10,2024-02-01,72.2,520923.0,81311.74
10,2024-03-01,70.7,510100.5,78112.02
10,2024-04-01,70.1,505771.5,79500.01
10,2024-05-01,70.5,508657.5,76975.87
10,2024-06-01,71.7,517315.5,78555.9
10,2024-07-01,73.5,530302.5,76175.81
10,2024-08-01,75.2,542568.0,82622.19
10,2024-09-01,76.4,551226.0,85231.88
10,2024-10-01,76.8,554112.0,83297.58
10,2024-11-01,76.2,549783.0,85229.76
10,2024-12-01,74.8,539682.0,77123.7
10,2025-01-01,72.9,525973.5,80125.26
10,2025-02-01,70.9,511543.5,74714.23
10,2025-03-01,69.5,501442.5,73014.17
10,2025-04-01,68.9,497113.5,76727.71
10,2025-05-01,69.3,499999.5,77248.03
10,2025-06-01,70.5,508657.5,75935.35
10,2025-07-01,72.2,520923.0,75207.1
10,2025-08-01,73.9,533188.5,83228.88
10,2025-09-01,75.1,541846.5,80147.55
10,2025-10-01,75.5,544732.5,78983.24
10,2025-11-01,74.9,540403.5,81055.97
10,2025-12-01,73.5,530302.5,75903.3
10,2026-01-01,71.6,516594.0,81336.71
10,2026-02-01,69.7,502885.5,73706.79
10,2026-03-01,68.3,492784.5,75705.59
10,2026-04-01,67.7,488455.5,70832.68
10,2026-05-01,68.1,491341.5,73138.66
10,2026-06-01,69.3,499999.5,77747.3
10,2026-07-01,71.0,512265.0,73084.35
10,2026-08-01,72.7,524530.5,75712.22
11,2023-09-01,67.4,525720.0,130537.43
11,2023-10-01,67.8,528840.0,138456.63
11,2023-11-01,67.2,524160.0,124880.26
11,2023-12-01,66.0,514800.0,131931.75
11,2024-01-01,64.3,501540.0,121855.61
11,2024-02-01,62.6,488280.0,127157.5
11,2024-03-01,61.3,478140.0,123865.47
11,2024-04-01,60.8,474240.0,123129.06
11,2024-05-01,61.2,477360.0,117013.29
11,2024-06-01,62.2,485160.0,118681.39
11,2024-07-01,63.7,496860.0,129167.48
11,2024-08-01,65.2,508560.0,133312.16
11,2024-09-01,66.3,517140.0,124323.68
11,2024-10-01,66.6,519480.0,130995.55
11,2024-11-01,66.1,515580.0,130643.64
11,2024-12-01,64.9,506220.0,125015.55
11,2025-01-01,63.2,492960.0,125940.76
11,2025-02-01,61.5,479700.0,117801.21
11,2025-03-01,60.3,470340.0,119236.85
11,2025-04-01,59.8,466440.0,121677.34
11,2025-05-01,60.1,468780.0,117793.62
11,2025-06-01,61.2,477360.0,117900.83
11,2025-07-01,62.7,489060.0,123295.86
11,2025-08-01,64.1,499980.0,121621.96
11,2025-09-01,65.2,508560.0,122705.89
11,2025-10-01,65.5,510900.0,130592.55
11,2025-11-01,65.0,507000.0,128516.98
11,2025-12-01,63.8,497640.0,118755.8
11,2026-01-01,62.1,484380.0,127044.13
11,2026-02-01,60.5,471900.0,113560.77
11,2026-03-01,59.3,462540.0,112613.14
11,2026-04-01,58.8,458640.0,119973.29
11,2026-05-01,59.1,460980.0,109852.5
11,2026-06-01,60.1,468780.0,113330.61
11,2026-07-01,61.6,480480.0,116842.56
11,2026-08-01,63.0,491400.0,125657.69
12,2023-09-01,106.4,1213873.27,146654.24
12,2023-10-01,106.9,1219577.56,145301.55
12,2023-11-01,106.1,1210450.69,141699.72
12,2023-12-01,104.1,1187633.52,139108.65
12,2024-01-01,101.4,1156830.35,141956.95
12,2024-02-01,98.7,1126027.18,133206.75
12,2024-03-01,96.8,1104350.87,131350.66
12,2024-04-01,95.9,1094083.14,133851.12
12,2024-05-01,96.5,1100928.29,129938.23
12,2024-06-01,98.2,1120322.88,132592.06
12,2024-07-01,100.6,1147703.48,143471.7
12,2024-08-01,102.9,1173943.23,147132.31
12,2024-09-01,104.6,1193337.82,140143.45
12,2024-10-01,105.1,1199042.11,137145.28
12,2024-11-01,104.3,1189915.24,137567.27
12,2024-12-01,102.3,1167098.07,140563.53
12,2025-01-01,99.7,1137435.76,141721.7
12,2025-02-01,97.1,1107773.44,133968.51
12,2025-03-01,95.1,1084956.27,129989.91
12,2025-04-01,94.3,1075829.41,127367.99
12,2025-05-01,94.8,1081533.7,134484.86
12,2025-06-01,96.5,1100928.29,125832.74
12,2025-07-01,98.9,1128308.89,135342.41
12,2025-08-01,101.2,1154548.63,138424.9
12,2025-09-01,102.8,1172802.37,145491.74
12,2025-10-01,103.4,1179647.52,139952.48
12,2025-11-01,102.5,1169379.79,136761.1
12,2025-12-01,100.6,1147703.48,136468.27
12,2026-01-01,98.0,1118041.17,137939.76
12,2026-02-01,95.4,1088378.85,130967.05
12,2026-03-01,93.5,1066702.54,121963.99
12,2026-04-01,92.7,1057575.68,129063.56
12,2026-05-01,93.2,1063279.97,130513.34
12,2026-06-01,94.9,1082674.56,132936.78
12,2026-07-01,97.2,1108914.3,131511.17
12,2026-08-01,99.4,1134013.18,132657.62
13,2023-09-01,394.4,1217282.73,704229.99
13,2023-10-01,405.3,1250924.68,751444.2
13,2023-11-01,411.0,1268517.25,758516.19
13,2023-12-01,409.7,1264504.91,793036.26
13,2024-01-01,401.5,1239196.29,772147.64
13,2024-02-01,388.3,1198455.59,751452.28
13,2024-03-01,373.3,1152159.34,703916.36
13,2024-04-01,360.2,1111727.28,653418.61
13,2024-05-01,352.2,1087035.95,633282.5
13,2024-06-01,351.1,1083640.89,660978.99
13,2024-07-01,356.8,1101233.47,635287.77
13,2024-08-01,367.4,1133949.48,663450.37
13,2024-09-01,379.7,1171912.41,692576.53
13,2024-10-01,390.2,1204319.78,710852.59
13,2024-11-01,395.6,1220986.43,744118.7
13,2024-12-01,394.3,1216974.09,758378.75
13,2025-01-01,386.4,1192591.4,709664.94
13,2025-02-01,373.6,1153085.27,698190.74
13,2025-03-01,359.1,1108332.23,641610.27
13,2025-04-01,346.5,1069443.38,666179.55
13,2025-05-01,338.8,1045677.97,653703.27
13,2025-06-01,337.7,1042282.91,596654.27
13,2025-07-01,343.1,1058949.56,614291.83
13,2025-08-01,353.2,1090122.37,626476.87
13,2025-09-01,365.1,1126850.73,658412.87
13,2025-10-01,375.0,1157406.25,661129.85
13,2025-11-01,380.2,1173455.62,716124.64
13,2025-12-01,379.0,1169751.92,674104.76
13,2026-01-01,371.3,1145986.51,673361.42
13,2026-02-01,358.9,1107714.94,689359.5
13,2026-03-01,345.0,1064813.75,659823.42
13,2026-04-01,332.8,1027159.47,627372.16
13,2026-05-01,325.4,1004319.98,592598.55
13,2026-06-01,324.2,1000616.28,597386.85
13,2026-07-01,329.4,1016665.65,627358.96
13,2026-08-01,339.1,1046603.89,628843.34
14,2023-09-01,222.7,673545.02,294513.19
14,2023-10-01,228.9,692296.61,319243.23
14,2023-11-01,232.1,701974.85,302876.5
14,2023-12-01,231.4,699857.73,310183.8
14,2024-01-01,226.7,685642.82,313352.82
14,2024-02-01,219.3,663261.89,295693.81
14,2024-03-01,210.8,637554.06,287921.95
14,2024-04-01,203.4,615173.13,271769.49
14,2024-05-01,198.9,601563.11,258889.7
14,2024-06-01,198.3,599748.44,263374.59
14,2024-07-01,201.5,609426.68,274177.67
14,2024-08-01,207.5,627573.38,287016.68
14,2024-09-01,214.4,648442.08,306043.12
14,2024-10-01,220.3,666286.34,290541.06
14,2024-11-01,223.4,675662.13,292035.36
14,2024-12-01,222.7,673545.02,294445.19
14,2025-01-01,218.2,659934.99,309864.42
14,2025-02-01,211.0,638158.95,300171.02
14,2025-03-01,202.8,613358.46,281742.3
14,2025-04-01,195.7,591884.87,260277.71
14,2025-05-01,191.3,578577.29,251681.3
14,2025-06-01,190.7,576762.62,248555.63
14,2025-07-01,193.8,586138.41,274650.49
14,2025-08-01,199.5,603377.78,279103.7
14,2025-09-01,206.2,623641.59,283625.28
14,2025-10-01,211.8,640578.51,282889.45
14,2025-11-01,214.7,649349.42,298428.56
14,2025-12-01,214.0,647232.3,299356.72
14,2026-01-01,209.7,634227.17,283947.95
14,2026-02-01,202.7,613056.02,281521.63
14,2026-03-01,194.8,589162.86,273633.78
14,2026-04-01,188.0,568596.6,252105.14
14,2026-05-01,183.7,555591.47,254064.94
14,2026-06-01,183.1,553776.8,243268.11
14,2026-07-01,186.0,562547.7,249854.21
14,2026-08-01,191.5,579182.18,258261.4
15,2023-09-01,72.9,306225.56,332375.29
15,2023-10-01,74.9,314626.81,342836.97
15,2023-11-01,76.0,319247.5,371029.42
15,2023-12-01,75.7,317987.31,390242.22
15,2024-01-01,74.2,311686.38,380117.98
15,2024-02-01,71.8,301604.88,352586.0
15,2024-03-01,69.0,289843.12,318981.04
15,2024-04-01,66.6,279761.62,303187.33
15,2024-05-01,65.1,273460.69,296777.21
15,2024-06-01,64.9,272620.56,285835.09
15,2024-07-01,65.9,276821.19,325138.07
15,2024-08-01,67.9,285222.44,323762.38
15,2024-09-01,70.2,294883.88,297113.49
15,2024-10-01,72.1,302865.06,329078.8
15,2024-11-01,73.1,307065.69,382437.44
15,2024-12-01,72.9,306225.56,373626.25
15,2025-01-01,71.4,299924.62,365406.81
15,2025-02-01,69.1,290263.19,350200.4
15,2025-03-01,66.4,278921.5,300660.06
15,2025-04-01,64.0,268840.0,277555.01
15,2025-05-01,62.6,262959.12,288964.31
15,2025-06-01,62.4,262119.0,284180.84
15,2025-07-01,63.4,266319.62,301859.96
15,2025-08-01,65.3,274300.81,327034.69
15,2025-09-01,67.5,283542.19,303560.84
15,2025-10-01,69.3,291103.31,314067.06
15,2025-11-01,70.3,295303.94,366572.71
15,2025-12-01,70.0,294043.75,339823.85
15,2026-01-01,68.6,288162.88,338555.3
15,2026-02-01,66.3,278501.44,344354.86
15,2026-03-01,63.8,267999.88,284371.41
15,2026-04-01,61.5,258338.44,274273.4
15,2026-05-01,60.1,252457.56,267909.63
15,2026-06-01,59.9,251617.44,264308.84
15,2026-07-01,60.9,255818.06,289843.8
15,2026-08-01,62.7,263379.19,296781.3
16,2023-09-01,59.1,234523.58,33721.89
16,2023-10-01,60.8,241269.6,36350.15
16,2023-11-01,61.6,244444.2,35173.66
16,2023-12-01,61.4,243650.55,36995.13
16,2024-01-01,60.2,238888.65,35075.4
16,2024-02-01,58.2,230952.15,34253.42
16,2024-03-01,56.0,222222.0,34821.23
16,2024-04-01,54.0,214285.5,30968.23
16,2024-05-01,52.8,209523.6,30371.01
16,2024-06-01,52.6,208729.95,30258.58
16,2024-07-01,53.5,212301.38,33215.51
16,2024-08-01,55.1,218650.58,32044.57
16,2024-09-01,56.9,225793.42,32751.09
16,2024-10-01,58.5,232142.62,34217.11
16,2024-11-01,59.3,235317.22,35332.18
16,2024-12-01,59.1,234523.58,36834.21
16,2025-01-01,57.9,229761.67,34905.78
16,2025-02-01,56.0,222222.0,33340.84
16,2025-03-01,53.8,213491.85,31630.91
16,2025-04-01,51.9,205952.17,32090.2
16,2025-05-01,50.8,201587.1,29519.8
16,2025-06-01,50.6,200793.45,30315.92
16,2025-07-01,51.4,203968.05,29332.53
16,2025-08-01,53.0,210317.25,30238.61
16,2025-09-01,54.7,217063.28,33501.06
16,2025-10-01,56.2,223015.65,33695.57
16,2025-11-01,57.0,226190.25,34299.71
16,2025-12-01,56.8,225396.6,33792.3
16,2026-01-01,55.7,221031.53,32010.99
16,2026-02-01,53.8,213491.85,33092.52
16,2026-03-01,51.7,205158.53,31746.46
16,2026-04-01,49.9,198015.67,29665.63
16,2026-05-01,48.8,193650.6,28488.1
16,2026-06-01,48.6,192856.95,28879.98
16,2026-07-01,49.4,196031.55,29256.7
16,2026-08-01,50.8,201587.1,30096.53
17,2023-09-01,51.6,221364.0,52873.62
17,2023-10-01,53.0,227370.0,54787.51
17,2023-11-01,53.8,230802.0,56943.98
17,2023-12-01,53.6,229944.0,59248.19
17,2024-01-01,52.5,225225.0,56763.79
17,2024-02-01,50.8,217932.0,52146.75
17,2024-03-01,48.9,209781.0,52877.62
17,2024-04-01,47.1,202059.0,50160.43
17,2024-05-01,46.1,197769.0,49745.97
17,2024-06-01,46.0,197340.0,51167.26
17,2024-07-01,46.7,200343.0,51007.52
17,2024-08-01,48.1,206349.0,51054.06
17,2024-09-01,49.7,213213.0,55755.02
17,2024-10-01,51.1,219219.0,54158.47
17,2024-11-01,51.8,222222.0,54723.04
17,2024-12-01,51.6,221364.0,57681.41
17,2025-01-01,50.6,217074.0,53243.82
17,2025-02-01,48.9,209781.0,53656.1
17,2025-03-01,47.0,201630.0,52689.65
17,2025-04-01,45.4,194766.0,49489.14
17,2025-05-01,44.3,190047.0,46851.48
17,2025-06-01,44.2,189618.0,47229.6
17,2025-07-01,44.9,192621.0,48098.74
17,2025-08-01,46.2,198198.0,51506.67
17,2025-09-01,47.8,205062.0,50792.96
17,2025-10-01,49.1,210639.0,51197.66
17,2025-11-01,49.8,213642.0,55059.21
17,2025-12-01,49.6,212784.0,54844.51
17,2026-01-01,48.6,208494.0,53646.96
17,2026-02-01,47.0,201630.0,51972.12
17,2026-03-01,45.2,193908.0,48459.43
17,2026-04-01,43.6,187044.0,47088.84
17,2026-05-01,42.6,182754.0,43852.06
17,2026-06-01,42.4,181896.0,45376.11
17,2026-07-01,43.1,184899.0,46573.6
17,2026-08-01,44.4,190476.0,45821.9
18,2023-09-01,71.5,448642.54,55908.52
18,2023-10-01,73.5,461191.98,53596.02
18,2023-11-01,74.5,467466.7,54685.21
18,2023-12-01,74.3,466211.76,58026.18
18,2024-01-01,72.8,456799.68,52294.02
18,2024-02-01,70.4,441740.35,54650.87
18,2024-03-01,67.7,424798.6,50736.59
18,2024-04-01,65.3,409739.27,50700.68
18,2024-05-01,63.9,400954.66,48112.63
18,2024-06-01,63.7,399699.72,50170.48
18,2024-07-01,64.7,405974.44,49989.06
18,2024-08-01,66.6,417896.41,51126.14
18,2024-09-01,68.9,432328.27,49699.02
18,2024-10-01,70.8,444250.23,53301.49
18,2024-11-01,71.8,450524.96,54212.38
18,2024-12-01,71.5,448642.54,55289.38
18,2025-01-01,70.1,439857.93,51820.48
18,2025-02-01,67.8,425426.07,51399.68
18,2025-03-01,65.1,408484.33,50463.01
18,2025-04-01,62.9,394679.94,46934.84
18,2025-05-01,61.5,385895.33,44250.83
18,2025-06-01,61.3,384640.39,46299.97
18,2025-07-01,62.2,390287.64,44624.9
18,2025-08-01,64.1,402209.61,50672.94
18,2025-09-01,66.2,415386.52,49723.87
18,2025-10-01,68.0,426681.02,49593.05
18,2025-11-01,69.0,432955.74,53662.32
18,2025-12-01,68.7,431073.32,49429.15
18,2026-01-01,67.3,422288.71,48936.08
18,2026-02-01,65.1,408484.33,49838.43
18,2026-03-01,62.6,392797.52,45150.89
18,2026-04-01,60.4,378993.14,45133.89
18,2026-05-01,59.0,370208.53,44486.49
18,2026-06-01,58.8,368953.59,44639.87
18,2026-07-01,59.8,375228.31,47268.57
18,2026-08-01,61.5,385895.33,47831.31
19,2023-09-01,202.4,795060.93,476406.02
19,2023-10-01,203.3,798596.28,495335.96
19,2023-11-01,202.8,796632.2,499265.52
19,2023-12-01,200.7,788383.05,483871.52
19,2024-01-01,197.3,775027.28,449966.04
19,2024-02-01,193.1,758528.98,453725.24
19,2024-03-01,189.0,742423.5,438931.87
19,2024-04-01,185.6,729067.73,456431.07
19,2024-05-01,183.6,721211.4,420506.57
19,2024-06-01,183.1,719247.32,442736.52
19,2024-07-01,184.0,722782.67,451839.26
19,2024-08-01,185.5,728674.92,431274.06
19,2024-09-01,187.0,734567.17,443118.69
19,2024-10-01,187.7,737316.88,456345.98
19,2024-11-01,187.2,735352.8,426550.98
19,2024-12-01,185.1,727103.65,446478.39
19,2025-01-01,181.9,714533.52,412842.74
19,2025-02-01,177.9,698820.85,429412.23
19,2025-03-01,174.0,683501.0,414715.14
19,2025-04-01,170.8,670930.87,400699.78
19,2025-05-01,168.9,663467.35,393216.35
19,2025-06-01,168.3,661110.45,387728.18
19,2025-07-01,169.0,663860.17,380425.07
19,2025-08-01,170.3,668966.78,383448.34
19,2025-09-01,171.6,674073.4,411926.58
19,2025-10-01,172.1,676037.48,412288.12
19,2025-11-01,171.5,673680.58,411681.37
19,2025-12-01,169.5,665824.25,386586.83
19,2026-01-01,166.4,653646.93,395029.28
19,2026-02-01,162.7,639112.72,394081.64
19,2026-03-01,159.0,624578.5,389003.41
19,2026-04-01,156.0,612794.0,366199.34
19,2026-05-01,154.1,605330.48,362066.09
19,2026-06-01,153.5,602973.58,344484.78
19,2026-07-01,154.0,604937.67,360329.1
19,2026-08-01,155.1,609258.65,383766.86
20,2023-09-01,105.3,405331.29,185767.16
20,2023-10-01,105.8,407255.94,175227.6
20,2023-11-01,105.5,406101.15,191800.31
20,2023-12-01,104.4,401866.92,173029.5
20,2024-01-01,102.6,394938.18,180519.81
20,2024-02-01,100.5,386854.65,181105.31
20,2024-03-01,98.3,378386.19,162620.22
20,2024-04-01,96.6,371842.38,161284.97
20,2024-05-01,95.5,367608.15,158450.23
20,2024-06-01,95.3,366838.29,166267.8
20,2024-07-01,95.7,368378.01,173205.27
20,2024-08-01,96.5,371457.45,165530.67
20,2024-09-01,97.3,374536.89,166435.52
20,2024-10-01,97.7,376076.61,164920.73
20,2024-11-01,97.4,374921.82,168416.13
20,2024-12-01,96.3,370687.59,166158.9
20,2025-01-01,94.6,364143.78,170266.42
20,2025-02-01,92.6,356445.18,166528.3
20,2025-03-01,90.5,348361.65,154477.65
20,2025-04-01,88.9,342202.77,157810.49
20,2025-05-01,87.9,338353.47,151852.03
20,2025-06-01,87.6,337198.68,150094.27
20,2025-07-01,87.9,338353.47,155429.29
20,2025-08-01,88.6,341047.98,156325.23
20,2025-09-01,89.3,343742.49,162183.38
20,2025-10-01,89.6,344897.28,150465.31
20,2025-11-01,89.2,343357.56,159592.7
20,2025-12-01,88.2,339508.26,152638.98
20,2026-01-01,86.6,333349.38,144054.42
20,2026-02-01,84.7,326035.71,142836.32
20,2026-03-01,82.7,318337.11,145369.35
20,2026-04-01,81.2,312563.16,134411.35
20,2026-05-01,80.2,308713.86,132892.54
20,2026-06-01,79.9,307559.07,137749.72
20,2026-07-01,80.1,308328.93,141907.23
20,2026-08-01,80.7,310638.51,145856.57
21,2023-09-01,68.6,366752.75,367347.57
21,2023-10-01,68.9,368356.63,403151.9
21,2023-11-01,68.7,367287.38,454331.09
21,2023-12-01,68.0,363545.0,435130.15
21,2024-01-01,66.9,357664.13,432747.14
21,2024-02-01,65.4,349644.75,434302.45
21,2024-03-01,64.0,342160.0,365051.65
21,2024-04-01,62.9,336279.12,353146.1
21,2024-05-01,62.2,332536.75,342667.8
21,2024-06-01,62.1,332002.12,364026.35
21,2024-07-01,62.4,333606.0,375109.6
21,2024-08-01,62.9,336279.12,382666.35
21,2024-09-01,63.4,338952.25,350043.75
21,2024-10-01,63.6,340021.5,357176.57
21,2024-11-01,63.4,338952.25,404380.05
21,2024-12-01,62.7,335209.88,409302.18
21,2025-01-01,61.6,329329.0,378869.18
21,2025-02-01,60.3,322378.88,377344.73
21,2025-03-01,59.0,315428.75,315563.56
21,2025-04-01,57.9,309547.88,309555.69
21,2025-05-01,57.2,305805.5,309049.52
21,2025-06-01,57.1,305270.88,330773.1
21,2025-07-01,57.3,306340.12,347227.55
21,2025-08-01,57.7,308478.62,354425.46
21,2025-09-01,58.2,311151.75,318962.78
21,2025-10-01,58.3,311686.38,327109.52
21,2025-11-01,58.1,310617.12,376215.74
21,2025-12-01,57.5,307409.38,377380.37
21,2026-01-01,56.4,301528.5,374229.49
21,2026-02-01,55.1,294578.38,363889.77
21,2026-03-01,53.9,288162.88,313788.42
21,2026-04-01,52.9,282816.62,282902.85
21,2026-05-01,52.2,279074.25,280922.3
21,2026-06-01,52.0,278005.0,285819.41
21,2026-07-01,52.2,279074.25,326282.14
21,2026-08-01,52.6,281212.75,331863.42
22,2023-09-01,56.1,283333.05,43872.02
22,2023-10-01,56.3,284343.15,41747.36
22,2023-11-01,56.2,283838.1,40971.28
22,2023-12-01,55.6,280807.8,42027.31
22,2024-01-01,54.7,276262.35,41110.99
22,2024-02-01,53.5,270201.75,39113.3
22,2024-03-01,52.3,264141.15,40362.93
22,2024-04-01,51.4,259595.7,39591.72
22,2024-05-01,50.9,257070.45,37016.14
22,2024-06-01,50.7,256060.35,37377.39
22,2024-07-01,51.0,257575.5,38824.01
22,2024-08-01,51.4,259595.7,40821.41
22,2024-09-01,51.8,261615.9,39167.51
22,2024-10-01,52.0,262626.0,41275.75
22,2024-11-01,51.8,261615.9,39042.49
22,2024-12-01,51.3,259090.65,40648.38
22,2025-01-01,50.4,254545.2,37710.86
22,2025-02-01,49.3,248989.65,38076.74
22,2025-03-01,48.2,243434.1,35280.67
22,2025-04-01,47.3,238888.65,37429.53
22,2025-05-01,46.8,236363.4,34171.02
22,2025-06-01,46.6,235353.3,36888.41
22,2025-07-01,46.8,236363.4,36010.65
22,2025-08-01,47.2,238383.6,34797.23
22,2025-09-01,47.5,239898.75,37226.46
22,2025-10-01,47.7,240908.85,35721.13
22,2025-11-01,47.5,239898.75,36261.16
22,2025-12-01,47.0,237373.5,36594.92
22,2026-01-01,46.1,232828.05,34200.05
22,2026-02-01,45.1,227777.55,33536.49
22,2026-03-01,44.1,222727.05,34497.43
22,2026-04-01,43.2,218181.6,32323.47
22,2026-05-01,42.7,215656.35,33600.1
22,2026-06-01,42.5,214646.25,30866.49
22,2026-07-01,42.7,215656.35,30738.76
22,2026-08-01,43.0,217171.5,32104.24
23,2023-09-01,51.7,282282.0,71704.57
23,2023-10-01,51.9,283374.0,73170.4
23,2023-11-01,51.8,282828.0,73328.79
23,2023-12-01,51.3,280098.0,70181.92
23,2024-01-01,50.4,275184.0,66083.46
23,2024-02-01,49.3,269178.0,66195.26
23,2024-03-01,48.3,263718.0,65606.76
23,2024-04-01,47.4,258804.0,65211.23
23,2024-05-01,46.9,256074.0,61879.2
23,2024-06-01,46.8,255528.0,62721.83
23,2024-07-01,47.0,256620.0,67312.94
23,2024-08-01,47.4,258804.0,63610.33
23,2024-09-01,47.8,260988.0,65487.48
23,2024-10-01,47.9,261534.0,67632.16
23,2024-11-01,47.8,260988.0,68497.11
23,2024-12-01,47.3,258258.0,67182.82
23,2025-01-01,46.5,253890.0,61393.32
23,2025-02-01,45.4,247884.0,59867.68
23,2025-03-01,44.4,242424.0,60512.82
23,2025-04-01,43.6,238056.0,60794.1
23,2025-05-01,43.1,235326.0,61139.25
23,2025-06-01,43.0,234780.0,58130.2
23,2025-07-01,43.2,235872.0,61897.62
23,2025-08-01,43.5,237510.0,60508.99
23,2025-09-01,43.8,239148.0,61766.94
23,2025-10-01,44.0,240240.0,59825.13
23,2025-11-01,43.8,239148.0,59967.34
23,2025-12-01,43.3,236418.0,59281.2
23,2026-01-01,42.5,232050.0,59145.1
23,2026-02-01,41.6,227136.0,59010.24
23,2026-03-01,40.6,221676.0,57923.97
23,2026-04-01,39.8,217308.0,53767.41
23,2026-05-01,39.4,215124.0,51118.72
23,2026-06-01,39.2,214032.0,54430.84
23,2026-07-01,39.3,214578.0,52442.98
23,2026-08-01,39.6,216216.0,55661.69
24,2023-09-01,71.5,570999.6,66049.61
24,2023-10-01,71.8,573395.4,66634.92
24,2023-11-01,71.6,571798.2,68945.18
24,2023-12-01,70.8,565409.39,65423.71
24,2024-01-01,69.6,555826.18,67981.46
24,2024-02-01,68.2,544645.77,64811.06
24,2024-03-01,66.7,532666.76,65198.14
24,2024-04-01,65.5,523083.55,61292.95
24,2024-05-01,64.8,517493.34,60778.33
24,2024-06-01,64.6,515896.14,64934.72
24,2024-07-01,64.9,518291.94,63918.19
24,2024-08-01,65.5,523083.55,64852.61
24,2024-09-01,66.0,527076.55,65475.62
24,2024-10-01,66.3,529472.35,64853.22
24,2024-11-01,66.1,527875.15,62311.36
24,2024-12-01,65.3,521486.34,61828.45
24,2025-01-01,64.2,512701.74,59122.73
24,2025-02-01,62.8,501521.32,58102.23
24,2025-03-01,61.4,490340.91,59788.54
24,2025-04-01,60.3,481556.3,56235.21
24,2025-05-01,59.6,475966.1,55362.28
24,2025-06-01,59.4,474368.9,56760.91
24,2025-07-01,59.7,476764.7,57411.23
24,2025-08-01,60.1,479959.1,56152.7
24,2025-09-01,60.6,483952.11,57978.63
24,2025-10-01,60.8,485549.31,60127.64
24,2025-11-01,60.5,483153.5,60026.33
24,2025-12-01,59.8,477563.3,54922.83
24,2026-01-01,58.7,468778.69,56275.28
24,2026-02-01,57.4,458396.88,52772.4
24,2026-03-01,56.1,448015.07,55461.8
24,2026-04-01,55.1,440029.06,53226.31
24,2026-05-01,54.4,434438.85,54269.94
24,2026-06-01,54.2,432841.65,52149.57
24,2026-07-01,54.4,434438.85,52437.48
24,2026-08-01,54.8,437633.26,55063.68
