req_id,site_id,cost_center_id,role_id,opened_date,target_start_date,filled_date,status
5001,1,5,13,2023-07-31,2023-09-20,2023-09-25,filled
5002,1,2,6,2023-08-08,2023-09-14,2023-09-09,filled
5003,1,4,10,2023-06-13,2023-08-05,2023-09-09,filled
5004,1,5,13,2023-07-01,2023-07-31,2023-09-21,filled
5005,1,1,2,2023-07-02,2023-08-17,2023-09-13,filled
5006,1,1,1,2023-07-04,2023-08-11,2023-09-25,filled
5007,1,2,5,2023-07-03,2023-08-05,2023-09-10,filled
5008,1,2,5,2023-07-27,2023-09-22,2023-09-17,filled
5009,1,4,10,2023-06-09,2023-08-05,2023-09-03,filled
5010,1,1,3,2023-07-18,2023-09-10,2023-09-14,filled
5011,1,4,11,2023-08-14,2023-09-21,2023-09-13,filled
5012,1,6,16,2023-06-05,2023-07-19,2023-09-03,filled
5013,1,2,5,2023-07-09,2023-09-05,2023-09-02,filled
5014,1,4,10,2023-06-13,2023-07-20,2023-09-10,filled
5015,1,5,12,2023-08-08,2023-09-18,2023-09-13,filled
5016,1,1,1,2023-07-24,2023-09-08,2023-09-02,filled
5017,1,2,5,2023-07-15,2023-08-29,2023-09-17,filled
5018,1,5,13,2023-07-10,2023-08-27,2023-09-16,filled
5019,1,6,16,2023-07-13,2023-09-07,2023-09-06,filled
5020,1,1,2,2023-06-14,2023-08-07,2023-09-03,filled
5021,1,3,8,2023-07-25,2023-09-04,2023-09-14,filled
5022,1,1,1,2023-08-14,2023-10-09,2023-09-25,filled
5023,1,5,13,2023-08-07,2023-09-07,2023-09-23,filled
5024,1,1,1,2023-06-30,2023-08-16,2023-09-28,filled
5025,1,1,2,2023-07-05,2023-08-29,2023-09-22,filled
5026,1,1,2,2023-08-10,2023-09-22,2023-09-28,filled
5027,1,2,6,2023-07-09,2023-08-08,2023-09-13,filled
5028,1,4,11,2023-07-10,2023-09-08,2023-09-13,filled
5029,1,6,16,2023-08-02,2023-09-21,2023-09-01,filled
5030,1,5,13,2023-07-26,2023-09-15,2023-09-03,filled
5031,1,1,2,2023-07-24,2023-09-22,2023-09-04,filled
5032,1,5,12,2023-06-26,2023-08-02,2023-09-15,filled
5033,1,2,6,2023-08-21,2023-10-12,2023-09-27,filled
5034,1,1,2,2023-08-06,2023-09-13,2023-09-23,filled
5035,1,6,16,2023-07-13,2023-09-10,2023-09-03,filled
5036,1,3,8,2023-06-23,2023-08-19,2023-09-04,filled
5037,1,1,4,2023-07-23,2023-09-08,2023-09-01,filled
5038,1,1,1,2023-07-12,2023-08-14,2023-09-12,filled
5039,1,6,16,2023-07-21,2023-09-13,2023-09-08,filled
5040,1,1,3,2023-06-22,2023-08-08,2023-09-05,filled
5041,1,1,1,2023-08-10,2023-10-04,2023-09-24,filled
5042,1,1,1,2023-07-30,2023-09-19,2023-09-21,filled
5043,1,6,16,2023-07-25,2023-08-31,2023-09-17,filled
5044,1,5,13,2023-08-22,2023-10-17,2023-09-25,filled
5045,1,5,12,2023-07-29,2023-09-12,2023-09-17,filled
5046,1,1,4,2023-06-23,2023-08-15,2023-09-20,filled
5047,2,11,12,2023-07-13,2023-09-01,2023-09-22,filled
5048,2,11,12,2023-08-06,2023-09-15,2023-09-20,filled
5049,2,8,5,2023-08-01,2023-09-09,2023-09-14,filled
5050,2,7,3,2023-07-12,2023-09-08,2023-09-14,filled
5051,2,12,15,2023-08-14,2023-09-28,2023-09-27,filled
5052,2,8,5,2023-08-07,2023-09-27,2023-09-08,filled
5053,2,9,9,2023-06-22,2023-08-07,2023-09-13,filled
5054,2,8,7,2023-08-02,2023-09-20,2023-09-13,filled
5055,2,9,8,2023-07-26,2023-09-07,2023-09-02,filled
5056,2,7,1,2023-07-28,2023-09-11,2023-09-08,filled
5057,2,7,3,2023-06-21,2023-08-19,2023-09-15,filled
5058,2,9,8,2023-06-30,2023-08-20,2023-09-11,filled
5059,2,12,16,2023-07-18,2023-08-26,2023-09-05,filled
5060,2,7,3,2023-07-26,2023-09-24,2023-09-07,filled
5061,2,8,5,2023-08-08,2023-09-13,2023-09-19,filled
5062,2,9,9,2023-07-24,2023-09-22,2023-09-14,filled
5063,2,7,1,2023-07-17,2023-08-16,2023-09-09,filled
5064,2,7,1,2023-08-04,2023-09-10,2023-09-19,filled
5065,2,8,5,2023-07-14,2023-09-08,2023-09-10,filled
5066,2,8,5,2023-08-18,2023-09-19,2023-09-22,filled
5067,2,9,8,2023-06-26,2023-07-26,2023-09-17,filled
5068,2,7,1,2023-06-26,2023-08-10,2023-09-08,filled
5069,2,7,2,2023-08-01,2023-09-02,2023-09-16,filled
5070,2,9,8,2023-07-09,2023-08-23,2023-09-27,filled
5071,2,8,5,2023-07-15,2023-08-15,2023-09-05,filled
5072,2,7,1,2023-07-13,2023-08-16,2023-09-26,filled
5073,2,8,5,2023-07-29,2023-08-28,2023-09-06,filled
5074,2,7,2,2023-08-01,2023-09-24,2023-09-27,filled
5075,2,12,16,2023-06-29,2023-08-08,2023-09-07,filled
5076,2,9,8,2023-08-04,2023-09-18,2023-09-10,filled
5077,2,8,5,2023-07-16,2023-09-08,2023-09-22,filled
5078,2,10,10,2023-08-06,2023-09-14,2023-09-19,filled
5079,2,9,9,2023-07-02,2023-08-02,2023-09-14,filled
5080,2,7,1,2023-07-28,2023-09-08,2023-09-13,filled
5081,2,7,3,2023-07-17,2023-09-15,2023-09-13,filled
5082,2,10,10,2023-06-26,2023-08-11,2023-09-07,filled
5083,2,8,5,2023-08-14,2023-10-10,2023-09-22,filled
5084,2,10,10,2023-07-22,2023-08-30,2023-09-10,filled
5085,2,7,1,2023-08-02,2023-09-03,2023-09-24,filled
5086,2,12,15,2023-07-17,2023-09-13,2023-09-18,filled
5087,2,8,5,2023-08-09,2023-09-27,2023-09-23,filled
5088,2,12,17,2023-07-31,2023-09-19,2023-09-06,filled
5089,2,11,13,2023-07-27,2023-09-23,2023-09-14,filled
5090,2,12,16,2023-07-09,2023-08-17,2023-09-20,filled
5091,2,12,15,2023-08-14,2023-09-22,2023-09-25,filled
5092,2,12,15,2023-06-17,2023-08-02,2023-09-02,filled
5093,2,9,9,2023-06-23,2023-07-24,2023-09-19,filled
5094,2,12,15,2023-07-12,2023-08-27,2023-09-13,filled
5095,2,11,13,2023-07-27,2023-09-16,2023-09-03,filled
5096,3,15,8,2023-07-12,2023-09-08,2023-09-26,filled
5097,3,13,3,2023-06-08,2023-08-01,2023-09-05,filled
5098,3,15,9,2023-07-07,2023-08-27,2023-09-13,filled
5099,3,13,1,2023-07-13,2023-08-31,2023-09-12,filled
5100,3,15,9,2023-07-06,2023-08-15,2023-09-27,filled
5101,3,14,6,2023-08-05,2023-09-17,2023-09-23,filled
5102,3,13,1,2023-08-13,2023-09-24,2023-09-13,filled
5103,3,13,1,2023-06-27,2023-08-05,2023-09-22,filled
5104,3,14,5,2023-07-08,2023-09-03,2023-09-04,filled
5105,3,14,6,2023-06-23,2023-07-29,2023-09-18,filled
5106,3,13,1,2023-07-13,2023-08-22,2023-09-11,filled
5107,3,14,7,2023-07-28,2023-09-10,2023-09-16,filled
5108,3,13,1,2023-07-05,2023-08-05,2023-09-18,filled
5109,3,13,1,2023-08-06,2023-09-06,2023-09-24,filled
5110,3,18,17,2023-08-21,2023-10-08,2023-09-25,filled
5111,3,14,5,2023-06-10,2023-08-02,2023-09-06,filled
5112,3,17,12,2023-07-29,2023-08-28,2023-09-02,filled
5113,3,13,1,2023-08-11,2023-09-19,2023-09-18,filled
5114,3,13,1,2023-07-27,2023-09-14,2023-09-18,filled
5115,3,18,15,2023-07-21,2023-09-17,2023-09-21,filled
5116,3,16,10,2023-08-22,2023-09-22,2023-09-24,filled
5117,3,17,13,2023-08-15,2023-10-10,2023-09-19,filled
5118,3,13,1,2023-06-21,2023-08-04,2023-09-04,filled
5119,4,20,5,2023-08-01,2023-08-31,2023-09-25,filled
5120,4,20,5,2023-08-01,2023-09-01,2023-09-18,filled
5121,4,20,5,2023-08-16,2023-10-04,2023-09-23,filled
5122,4,19,1,2023-07-15,2023-09-05,2023-09-07,filled
5123,4,23,13,2023-07-04,2023-08-28,2023-09-11,filled
5124,4,20,5,2023-07-20,2023-08-24,2023-09-24,filled
5125,4,19,1,2023-07-05,2023-09-03,2023-09-01,filled
5126,4,20,7,2023-07-26,2023-09-20,2023-09-09,filled
5127,4,22,10,2023-08-17,2023-09-16,2023-09-16,filled
5128,4,23,13,2023-07-18,2023-08-17,2023-09-20,filled
5129,4,22,11,2023-07-31,2023-09-23,2023-09-27,filled
5130,4,20,5,2023-07-30,2023-09-16,2023-09-24,filled
5131,4,24,16,2023-07-17,2023-09-11,2023-09-11,filled
5132,4,23,13,2023-07-22,2023-09-10,2023-09-22,filled
5133,4,19,1,2023-07-01,2023-08-23,2023-09-06,filled
5134,4,21,8,2023-07-12,2023-08-27,2023-09-09,filled
5135,1,1,1,2023-08-22,2023-09-22,2023-10-12,filled
5136,1,1,1,2023-07-29,2023-09-09,2023-10-10,filled
5137,1,1,2,2023-08-28,2023-09-28,2023-10-22,filled
5138,1,1,1,2023-07-31,2023-09-01,2023-10-03,filled
5139,1,1,2,2023-08-22,2023-10-07,2023-10-22,filled
5140,1,2,5,2023-08-20,2023-09-28,2023-10-23,filled
5141,1,2,5,2023-09-03,2023-11-01,2023-10-06,filled
5142,1,1,1,2023-08-06,2023-09-16,2023-10-11,filled
5143,1,1,2,2023-08-22,2023-10-17,2023-10-07,filled
5144,1,2,5,2023-08-23,2023-09-29,2023-10-26,filled
5145,1,2,7,2023-08-16,2023-09-22,2023-10-28,filled
5146,1,1,3,2023-08-18,2023-10-03,2023-10-14,filled
5147,2,11,14,2023-08-11,2023-10-01,2023-10-18,filled
5148,2,7,3,2023-09-06,2023-10-27,2023-10-25,filled
5149,2,10,11,2023-07-07,2023-08-07,2023-10-01,filled
5150,2,10,11,2023-09-22,2023-10-23,2023-10-27,filled
5151,2,8,5,2023-08-10,2023-09-23,2023-10-25,filled
5152,2,10,11,2023-07-31,2023-09-29,2023-10-25,filled
5153,2,8,6,2023-08-26,2023-10-17,2023-10-27,filled
5154,2,7,2,2023-08-17,2023-10-10,2023-10-09,filled
5155,2,8,5,2023-08-04,2023-09-16,2023-10-10,filled
5156,3,13,1,2023-08-10,2023-09-14,2023-10-19,filled
5157,3,17,13,2023-08-03,2023-09-10,2023-10-18,filled
5158,3,14,5,2023-07-26,2023-09-16,2023-10-20,filled
5159,3,13,3,2023-07-08,2023-08-22,2023-10-04,filled
5160,3,13,3,2023-08-29,2023-10-16,2023-10-27,filled
5161,3,13,1,2023-07-25,2023-09-19,2023-10-23,filled
5162,3,13,3,2023-08-30,2023-09-29,2023-10-24,filled
5163,3,13,2,2023-08-01,2023-09-24,2023-10-21,filled
5164,3,13,1,2023-08-25,2023-10-04,2023-10-08,filled
5165,3,13,1,2023-09-13,2023-10-22,2023-10-23,filled
5166,3,13,1,2023-08-22,2023-10-04,2023-10-17,filled
5167,3,13,2,2023-08-12,2023-09-17,2023-10-27,filled
5168,3,16,11,2023-08-02,2023-09-03,2023-10-11,filled
5169,3,13,1,2023-08-29,2023-10-27,2023-10-09,filled
5170,3,16,11,2023-07-27,2023-09-18,2023-10-19,filled
5171,3,13,2,2023-08-15,2023-09-30,2023-10-14,filled
5172,3,14,5,2023-08-08,2023-09-26,2023-10-27,filled
5173,3,14,6,2023-08-15,2023-10-07,2023-10-21,filled
5174,3,13,1,2023-07-12,2023-08-24,2023-10-02,filled
5175,3,14,5,2023-09-09,2023-11-06,2023-10-09,filled
5176,3,17,13,2023-09-10,2023-10-11,2023-10-23,filled
5177,3,14,7,2023-08-20,2023-09-20,2023-10-02,filled
5178,3,17,13,2023-08-21,2023-10-16,2023-10-22,filled
5179,3,14,7,2023-09-04,2023-10-25,2023-10-26,filled
5180,3,13,1,2023-08-24,2023-10-23,2023-10-12,filled
5181,3,13,1,2023-09-07,2023-10-29,2023-10-24,filled
5182,3,18,15,2023-09-06,2023-10-21,2023-10-08,filled
5183,3,13,1,2023-08-09,2023-10-07,2023-10-14,filled
5184,3,13,1,2023-09-07,2023-10-15,2023-10-22,filled
5185,3,13,1,2023-09-10,2023-10-26,2023-10-12,filled
5186,3,14,7,2023-09-16,2023-11-12,2023-10-22,filled
5187,3,13,1,2023-08-19,2023-10-18,2023-10-04,filled
5188,3,14,6,2023-09-07,2023-10-15,2023-10-07,filled
5189,3,14,6,2023-08-24,2023-09-24,2023-10-16,filled
5190,4,22,10,2023-08-12,2023-09-21,2023-10-26,filled
5191,4,20,6,2023-07-27,2023-09-14,2023-10-05,filled
5192,4,20,7,2023-08-17,2023-09-19,2023-10-03,filled
5193,4,19,1,2023-09-09,2023-10-29,2023-10-15,filled
5194,4,24,17,2023-07-30,2023-09-05,2023-10-01,filled
5195,4,20,5,2023-09-02,2023-10-29,2023-10-03,filled
5196,4,19,3,2023-09-16,2023-10-27,2023-10-27,filled
5197,4,21,8,2023-07-30,2023-09-16,2023-10-14,filled
5198,4,22,10,2023-08-10,2023-09-21,2023-10-08,filled
5199,4,22,10,2023-09-12,2023-11-10,2023-10-22,filled
5200,4,20,6,2023-08-10,2023-09-13,2023-10-14,filled
5201,4,20,5,2023-08-20,2023-10-04,2023-10-09,filled
5202,4,19,1,2023-07-28,2023-09-15,2023-10-08,filled
5203,1,2,5,2023-08-09,2023-09-09,2023-11-05,filled
5204,1,1,3,2023-09-21,2023-10-21,2023-11-09,filled
5205,1,6,15,2023-10-11,2023-11-25,2023-11-10,filled
5206,1,3,8,2023-08-14,2023-09-20,2023-11-11,filled
5207,1,2,5,2023-10-09,2023-11-22,2023-11-16,filled
5208,1,1,2,2023-09-03,2023-10-10,2023-11-14,filled
5209,1,1,1,2023-08-05,2023-10-03,2023-11-01,filled
5210,2,11,13,2023-09-02,2023-10-03,2023-11-19,filled
5211,2,10,10,2023-08-20,2023-09-28,2023-11-03,filled
5212,2,12,15,2023-08-19,2023-10-09,2023-11-03,filled
5213,3,13,1,2023-10-09,2023-11-16,2023-11-24,filled
5214,3,13,2,2023-09-25,2023-11-03,2023-11-23,filled
5215,3,14,5,2023-10-17,2023-12-11,2023-11-16,filled
5216,3,14,6,2023-09-15,2023-10-28,2023-11-21,filled
5217,3,14,5,2023-08-22,2023-09-30,2023-11-02,filled
5218,3,16,11,2023-08-10,2023-09-23,2023-11-03,filled
5219,3,17,12,2023-09-06,2023-10-07,2023-11-02,filled
5220,3,15,8,2023-09-06,2023-10-17,2023-11-17,filled
5221,3,13,1,2023-10-16,2023-11-23,2023-11-21,filled
5222,3,14,5,2023-10-12,2023-12-05,2023-11-12,filled
5223,3,13,1,2023-08-12,2023-09-25,2023-11-03,filled
5224,3,18,17,2023-10-21,2023-11-22,2023-11-24,filled
5225,3,13,3,2023-09-02,2023-10-27,2023-11-14,filled
5226,3,14,7,2023-09-02,2023-10-19,2023-11-24,filled
5227,3,13,1,2023-09-25,2023-10-27,2023-11-24,filled
5228,3,18,16,2023-08-29,2023-09-28,2023-11-24,filled
5229,3,13,1,2023-08-18,2023-09-27,2023-11-04,filled
5230,3,13,1,2023-09-20,2023-11-12,2023-11-18,filled
5231,3,13,1,2023-08-12,2023-09-15,2023-11-03,filled
5232,3,15,8,2023-08-11,2023-09-24,2023-11-07,filled
5233,3,13,1,2023-08-19,2023-10-10,2023-11-14,filled
5234,3,13,1,2023-08-08,2023-10-05,2023-11-06,filled
5235,3,13,1,2023-10-08,2023-11-20,2023-11-21,filled
5236,3,14,6,2023-08-19,2023-10-01,2023-11-10,filled
5237,4,19,3,2023-09-15,2023-11-11,2023-11-04,filled
5238,4,19,4,2023-09-27,2023-11-20,2023-11-10,filled
5239,3,13,2,2023-10-13,2023-11-24,2023-12-07,filled
5240,3,14,5,2023-10-28,2023-12-23,2023-12-06,filled
5241,3,13,3,2023-10-28,2023-12-08,2023-12-11,filled
5242,3,18,16,2023-09-30,2023-11-08,2023-12-25,filled
5243,3,13,3,2023-10-27,2023-12-01,2023-12-03,filled
5244,3,14,5,2023-10-14,2023-11-26,2023-12-04,filled
5245,3,17,13,2023-10-19,2023-12-11,2023-12-10,filled
5246,3,15,8,2023-10-07,2023-12-06,2023-12-25,filled
5247,3,13,3,2023-10-24,2023-11-28,2023-12-13,filled
5248,3,15,8,2023-09-29,2023-11-21,2023-12-21,filled
5249,3,13,1,2023-11-02,2023-12-10,2023-12-23,filled
5250,3,14,6,2023-10-25,2023-11-29,2023-12-13,filled
5251,3,14,6,2023-10-29,2023-12-02,2023-12-21,filled
5252,3,13,3,2023-10-15,2023-11-14,2023-12-13,filled
5253,3,15,9,2023-10-22,2023-12-02,2023-12-09,filled
5254,3,16,11,2023-10-08,2023-11-12,2023-12-19,filled
5255,2,7,1,2024-04-13,2024-06-09,2024-06-08,filled
5256,2,9,8,2024-05-03,2024-06-07,2024-06-09,filled
5257,2,7,1,2024-04-10,2024-05-25,2024-06-24,filled
5258,2,8,7,2024-04-24,2024-06-21,2024-06-26,filled
5259,2,7,3,2024-03-09,2024-04-12,2024-06-05,filled
5260,2,7,1,2024-04-17,2024-06-10,2024-06-24,filled
5261,2,7,1,2024-04-30,2024-06-06,2024-06-10,filled
5262,2,12,17,2024-04-23,2024-06-04,2024-06-16,filled
5263,2,7,3,2024-03-20,2024-05-12,2024-06-16,filled
5264,2,7,2,2024-05-08,2024-06-19,2024-06-09,filled
5265,2,7,3,2024-05-28,2024-07-02,2024-07-24,filled
5266,2,7,3,2024-04-29,2024-06-18,2024-07-25,filled
5267,2,12,16,2024-04-21,2024-06-13,2024-07-03,filled
5268,2,10,11,2024-04-22,2024-06-04,2024-07-01,filled
5269,2,7,2,2024-06-02,2024-07-08,2024-07-26,filled
5270,2,7,1,2024-05-24,2024-07-22,2024-07-21,filled
5271,2,7,1,2024-05-07,2024-06-28,2024-07-13,filled
5272,2,8,5,2024-04-30,2024-06-24,2024-07-28,filled
5273,2,8,5,2024-05-14,2024-07-05,2024-07-10,filled
5274,2,7,2,2024-05-08,2024-06-18,2024-07-05,filled
5275,2,11,12,2024-05-24,2024-06-27,2024-07-12,filled
5276,2,7,2,2024-05-23,2024-06-26,2024-07-25,filled
5277,2,9,8,2024-05-17,2024-07-15,2024-07-07,filled
5278,2,12,17,2024-05-28,2024-07-22,2024-07-06,filled
5279,2,11,12,2024-05-31,2024-07-09,2024-07-09,filled
5280,2,7,1,2024-05-22,2024-06-22,2024-07-06,filled
5281,2,7,1,2024-06-12,2024-07-13,2024-07-15,filled
5282,2,11,13,2024-05-16,2024-06-23,2024-07-28,filled
5283,2,7,3,2024-05-20,2024-07-09,2024-07-27,filled
5284,2,12,17,2024-06-17,2024-08-08,2024-07-18,filled
5285,2,7,2,2024-05-26,2024-07-19,2024-07-06,filled
5286,2,7,3,2024-05-04,2024-06-25,2024-07-21,filled
5287,2,9,8,2024-06-08,2024-07-29,2024-07-26,filled
5288,2,8,5,2024-06-14,2024-08-01,2024-07-26,filled
5289,2,10,10,2024-06-16,2024-08-11,2024-07-19,filled
5290,2,7,2,2024-06-09,2024-07-30,2024-07-15,filled
5291,4,23,13,2024-06-11,2024-08-06,2024-07-21,filled
5292,4,19,2,2024-05-19,2024-07-02,2024-07-18,filled
5293,1,1,1,2024-05-18,2024-07-12,2024-08-01,filled
5294,1,2,6,2024-05-27,2024-07-14,2024-08-12,filled
5295,1,1,1,2024-07-13,2024-09-06,2024-08-18,filled
5296,1,1,1,2024-06-20,2024-08-18,2024-08-07,filled
5297,1,1,4,2024-06-19,2024-08-16,2024-08-16,filled
5298,1,1,1,2024-05-23,2024-07-01,2024-08-18,filled
5299,1,5,13,2024-07-14,2024-08-28,2024-08-16,filled
5300,1,2,5,2024-05-29,2024-07-23,2024-08-22,filled
5301,1,1,1,2024-06-28,2024-08-06,2024-08-13,filled
5302,1,1,1,2024-06-16,2024-07-26,2024-08-24,filled
5303,1,5,12,2024-06-09,2024-07-15,2024-08-27,filled
5304,1,1,2,2024-07-08,2024-08-24,2024-08-21,filled
5305,1,1,2,2024-06-24,2024-07-24,2024-08-15,filled
5306,1,6,15,2024-06-09,2024-08-08,2024-08-04,filled
5307,1,2,5,2024-06-14,2024-08-11,2024-08-06,filled
5308,1,1,3,2024-05-14,2024-07-03,2024-08-07,filled
5309,1,6,15,2024-07-18,2024-08-23,2024-08-25,filled
5310,1,6,16,2024-07-04,2024-08-18,2024-08-04,filled
5311,1,4,10,2024-06-11,2024-07-31,2024-08-28,filled
5312,1,5,13,2024-05-27,2024-06-30,2024-08-02,filled
5313,1,6,16,2024-06-21,2024-07-27,2024-08-21,filled
5314,1,1,3,2024-06-14,2024-08-07,2024-08-25,filled
5315,1,2,6,2024-06-05,2024-08-01,2024-08-23,filled
5316,1,1,1,2024-07-18,2024-09-02,2024-08-20,filled
5317,1,3,9,2024-06-25,2024-08-01,2024-08-15,filled
5318,1,2,5,2024-05-15,2024-06-29,2024-08-09,filled
5319,1,3,8,2024-06-22,2024-08-11,2024-08-03,filled
5320,1,4,10,2024-06-15,2024-08-04,2024-08-17,filled
5321,1,2,5,2024-05-24,2024-06-30,2024-08-11,filled
5322,1,2,5,2024-07-16,2024-08-26,2024-08-15,filled
5323,1,1,1,2024-06-04,2024-07-23,2024-08-27,filled
5324,1,1,2,2024-06-04,2024-07-20,2024-08-17,filled
5325,1,5,12,2024-06-17,2024-08-02,2024-08-26,filled
5326,1,1,1,2024-07-20,2024-08-29,2024-08-24,filled
5327,1,2,5,2024-06-02,2024-07-29,2024-08-09,filled
5328,1,2,5,2024-07-10,2024-08-19,2024-08-22,filled
5329,1,2,5,2024-06-20,2024-08-16,2024-08-22,filled
5330,1,6,15,2024-05-17,2024-06-19,2024-08-04,filled
5331,1,4,10,2024-07-01,2024-08-16,2024-08-01,filled
5332,1,1,3,2024-06-08,2024-07-27,2024-08-20,filled
5333,2,8,5,2024-06-29,2024-07-30,2024-08-25,filled
5334,2,7,1,2024-05-14,2024-06-18,2024-08-10,filled
5335,2,7,1,2024-06-21,2024-07-29,2024-08-24,filled
5336,2,11,12,2024-05-31,2024-07-12,2024-08-10,filled
5337,2,7,2,2024-06-30,2024-07-30,2024-08-28,filled
5338,2,7,1,2024-06-01,2024-07-03,2024-08-25,filled
5339,2,7,1,2024-06-24,2024-08-21,2024-08-13,filled
5340,2,7,3,2024-07-20,2024-09-04,2024-08-24,filled
5341,2,12,16,2024-06-25,2024-08-20,2024-08-16,filled
5342,2,8,7,2024-06-20,2024-08-13,2024-08-20,filled
5343,2,7,1,2024-07-10,2024-08-27,2024-08-09,filled
5344,2,7,1,2024-06-19,2024-07-29,2024-08-05,filled
5345,2,7,2,2024-07-15,2024-08-30,2024-08-28,filled
5346,2,8,5,2024-05-24,2024-07-15,2024-08-17,filled
5347,2,8,7,2024-07-15,2024-08-31,2024-08-15,filled
5348,2,9,8,2024-06-27,2024-08-18,2024-08-13,filled
5349,2,10,11,2024-06-05,2024-07-21,2024-08-11,filled
5350,2,9,8,2024-07-16,2024-09-11,2024-08-19,filled
5351,2,12,15,2024-07-18,2024-08-30,2024-08-26,filled
5352,2,8,6,2024-06-28,2024-07-29,2024-08-21,filled
5353,2,7,1,2024-06-07,2024-07-31,2024-08-08,filled
5354,2,8,5,2024-06-17,2024-08-13,2024-08-02,filled
5355,2,8,5,2024-06-28,2024-08-05,2024-08-17,filled
5356,2,7,2,2024-07-12,2024-09-01,2024-08-15,filled
5357,2,10,10,2024-06-22,2024-08-03,2024-08-12,filled
5358,2,12,16,2024-07-09,2024-08-17,2024-08-17,filled
5359,2,12,15,2024-07-09,2024-09-06,2024-08-27,filled
5360,3,13,2,2024-06-14,2024-08-13,2024-08-07,filled
5361,3,17,12,2024-07-01,2024-08-04,2024-08-21,filled
5362,3,17,13,2024-05-07,2024-07-05,2024-08-01,filled
5363,3,13,1,2024-06-12,2024-08-11,2024-08-23,filled
5364,3,13,4,2024-06-18,2024-07-21,2024-08-17,filled
5365,3,13,1,2024-06-28,2024-08-11,2024-08-23,filled
5366,3,13,3,2024-05-18,2024-07-12,2024-08-06,filled
5367,3,16,11,2024-05-28,2024-07-26,2024-08-17,filled
5368,3,16,10,2024-06-30,2024-08-06,2024-08-27,filled
5369,3,18,15,2024-07-12,2024-09-08,2024-08-22,filled
5370,3,16,10,2024-06-24,2024-07-31,2024-08-10,filled
5371,4,21,8,2024-06-24,2024-08-03,2024-08-01,filled
5372,4,20,5,2024-06-25,2024-08-05,2024-08-02,filled
5373,4,23,14,2024-06-20,2024-08-18,2024-08-23,filled
5374,4,20,5,2024-06-27,2024-08-04,2024-08-28,filled
5375,4,23,12,2024-07-11,2024-08-31,2024-08-25,filled
5376,4,23,13,2024-07-13,2024-08-25,2024-08-22,filled
5377,4,19,1,2024-06-19,2024-08-11,2024-08-18,filled
5378,4,20,5,2024-06-09,2024-08-01,2024-08-19,filled
5379,4,19,1,2024-06-12,2024-08-02,2024-08-20,filled
5380,4,19,1,2024-05-12,2024-07-08,2024-08-01,filled
5381,4,24,16,2024-07-08,2024-08-24,2024-08-10,filled
5382,4,19,3,2024-05-22,2024-07-17,2024-08-18,filled
5383,4,19,2,2024-07-11,2024-08-13,2024-08-15,filled
5384,1,2,5,2024-08-16,2024-09-28,2024-09-27,filled
5385,1,1,3,2024-07-12,2024-08-18,2024-09-14,filled
5386,1,1,2,2024-07-20,2024-09-15,2024-09-18,filled
5387,1,1,3,2024-07-02,2024-08-16,2024-09-11,filled
5388,1,1,1,2024-08-03,2024-09-16,2024-09-18,filled
5389,1,2,5,2024-07-19,2024-08-18,2024-09-14,filled
5390,1,2,5,2024-07-11,2024-09-08,2024-09-20,filled
5391,1,4,11,2024-07-31,2024-09-10,2024-09-24,filled
5392,1,6,15,2024-08-05,2024-09-09,2024-09-17,filled
5393,1,1,1,2024-07-19,2024-08-29,2024-09-08,filled
5394,1,6,15,2024-07-21,2024-09-02,2024-09-08,filled
5395,1,1,1,2024-06-20,2024-08-16,2024-09-15,filled
5396,1,1,1,2024-08-18,2024-09-17,2024-09-23,filled
5397,1,1,1,2024-08-01,2024-09-04,2024-09-28,filled
5398,1,1,2,2024-07-12,2024-08-16,2024-09-16,filled
5399,1,2,6,2024-06-16,2024-07-20,2024-09-06,filled
5400,1,1,2,2024-07-08,2024-09-01,2024-09-25,filled
5401,1,3,8,2024-07-18,2024-09-06,2024-09-18,filled
5402,1,1,1,2024-06-16,2024-08-02,2024-09-07,filled
5403,1,1,2,2024-06-20,2024-07-25,2024-09-01,filled
5404,1,1,2,2024-06-21,2024-08-16,2024-09-17,filled
5405,1,1,1,2024-08-03,2024-09-05,2024-09-19,filled
5406,1,2,6,2024-08-09,2024-10-08,2024-09-21,filled
5407,1,3,9,2024-07-04,2024-08-20,2024-09-06,filled
5408,1,1,2,2024-07-12,2024-08-18,2024-09-24,filled
5409,1,1,1,2024-08-01,2024-09-05,2024-09-03,filled
5410,1,6,16,2024-08-24,2024-10-14,2024-09-23,filled
5411,1,6,16,2024-08-02,2024-09-16,2024-09-10,filled
5412,2,11,13,2024-07-24,2024-08-27,2024-09-19,filled
5413,2,8,5,2024-07-17,2024-09-09,2024-09-15,filled
5414,2,8,5,2024-07-25,2024-09-15,2024-09-26,filled
5415,2,12,16,2024-07-05,2024-08-18,2024-09-24,filled
5416,2,9,8,2024-07-22,2024-08-30,2024-09-04,filled
5417,2,8,5,2024-06-27,2024-07-29,2024-09-19,filled
5418,2,7,1,2024-07-05,2024-08-16,2024-09-05,filled
5419,2,8,7,2024-08-23,2024-10-08,2024-09-26,filled
5420,2,8,5,2024-07-04,2024-08-15,2024-09-25,filled
5421,2,7,3,2024-07-12,2024-08-16,2024-09-06,filled
5422,2,7,1,2024-06-29,2024-08-06,2024-09-11,filled
5423,2,7,3,2024-07-16,2024-09-03,2024-09-17,filled
5424,2,7,4,2024-06-23,2024-08-16,2024-09-16,filled
5425,2,9,8,2024-08-07,2024-09-10,2024-09-15,filled
5426,2,12,15,2024-07-10,2024-08-17,2024-09-03,filled
5427,2,7,1,2024-07-18,2024-09-01,2024-09-21,filled
5428,2,7,1,2024-07-03,2024-09-01,2024-09-18,filled
5429,2,8,5,2024-08-01,2024-09-06,2024-09-20,filled
5430,2,11,12,2024-08-22,2024-10-04,2024-09-28,filled
5431,2,7,3,2024-08-11,2024-09-23,2024-09-21,filled
5432,2,7,1,2024-06-19,2024-08-12,2024-09-03,filled
5433,2,8,6,2024-08-10,2024-10-07,2024-09-25,filled
5434,2,12,15,2024-07-23,2024-08-26,2024-09-22,filled
5435,2,9,8,2024-07-10,2024-08-13,2024-09-14,filled
5436,3,17,13,2024-06-14,2024-07-23,2024-09-06,filled
5437,3,13,1,2024-06-20,2024-08-19,2024-09-14,filled
5438,3,13,2,2024-07-05,2024-08-05,2024-09-02,filled
5439,3,13,3,2024-07-29,2024-09-10,2024-09-19,filled
5440,3,13,1,2024-07-16,2024-09-07,2024-09-19,filled
5441,3,18,16,2024-07-08,2024-08-23,2024-09-24,filled
5442,3,13,1,2024-08-04,2024-09-09,2024-09-24,filled
5443,3,13,1,2024-07-30,2024-09-23,2024-09-19,filled
5444,3,15,8,2024-07-25,2024-09-01,2024-09-12,filled
5445,3,13,1,2024-07-12,2024-08-14,2024-09-07,filled
5446,3,14,5,2024-08-02,2024-09-25,2024-09-28,filled
5447,3,15,9,2024-08-01,2024-09-22,2024-09-19,filled
5448,3,17,13,2024-06-20,2024-08-15,2024-09-18,filled
5449,3,17,12,2024-07-23,2024-09-02,2024-09-19,filled
5450,3,16,10,2024-06-15,2024-08-06,2024-09-07,filled
5451,3,14,5,2024-06-07,2024-07-09,2024-09-03,filled
5452,3,15,8,2024-07-02,2024-08-27,2024-09-15,filled
5453,3,13,1,2024-08-11,2024-09-20,2024-09-22,filled
5454,3,15,8,2024-06-27,2024-08-03,2024-09-15,filled
5455,3,17,12,2024-07-09,2024-09-05,2024-09-14,filled
5456,3,15,9,2024-08-19,2024-09-30,2024-09-28,filled
5457,3,14,5,2024-07-17,2024-08-30,2024-09-22,filled
5458,3,13,2,2024-06-17,2024-07-17,2024-09-09,filled
5459,3,14,6,2024-08-01,2024-09-07,2024-09-24,filled
5460,3,18,16,2024-08-04,2024-09-18,2024-09-13,filled
5461,3,13,3,2024-08-06,2024-09-15,2024-09-12,filled
5462,3,13,3,2024-06-20,2024-08-01,2024-09-10,filled
5463,3,14,5,2024-07-30,2024-09-11,2024-09-26,filled
5464,3,15,8,2024-06-10,2024-08-06,2024-09-01,filled
5465,3,13,4,2024-08-05,2024-09-14,2024-09-28,filled
5466,3,15,8,2024-08-17,2024-10-09,2024-09-22,filled
5467,3,14,5,2024-06-28,2024-08-07,2024-09-24,filled
5468,3,13,3,2024-07-16,2024-09-13,2024-09-09,filled
5469,3,14,6,2024-07-13,2024-08-25,2024-09-25,filled
5470,3,18,15,2024-08-04,2024-09-04,2024-09-07,filled
5471,3,14,6,2024-07-15,2024-09-04,2024-09-18,filled
5472,3,13,1,2024-08-01,2024-09-11,2024-09-15,filled
5473,4,20,5,2024-07-27,2024-09-01,2024-09-21,filled
5474,4,19,1,2024-07-22,2024-08-23,2024-09-25,filled
5475,4,22,10,2024-08-03,2024-09-17,2024-09-08,filled
5476,4,19,2,2024-06-30,2024-08-10,2024-09-20,filled
5477,4,20,5,2024-06-12,2024-08-01,2024-09-02,filled
5478,4,19,4,2024-06-10,2024-08-04,2024-09-04,filled
5479,4,24,15,2024-07-30,2024-09-08,2024-09-10,filled
5480,4,20,5,2024-06-28,2024-08-04,2024-09-09,filled
5481,4,23,13,2024-08-14,2024-09-28,2024-09-15,filled
5482,1,1,1,2024-08-26,2024-10-10,2024-10-08,filled
5483,1,2,5,2024-07-31,2024-09-18,2024-10-07,filled
5484,1,1,1,2024-08-11,2024-09-16,2024-10-25,filled
5485,1,1,1,2024-08-08,2024-09-28,2024-10-27,filled
5486,1,1,3,2024-07-14,2024-08-29,2024-10-09,filled
5487,1,1,3,2024-07-30,2024-08-30,2024-10-12,filled
5488,1,4,10,2024-07-26,2024-09-17,2024-10-05,filled
5489,1,4,10,2024-08-30,2024-10-17,2024-10-20,filled
5490,1,2,5,2024-07-21,2024-08-30,2024-10-19,filled
5491,1,1,1,2024-08-15,2024-10-07,2024-10-18,filled
5492,1,1,1,2024-08-01,2024-08-31,2024-10-21,filled
5493,1,1,3,2024-07-20,2024-09-10,2024-10-10,filled
5494,1,5,13,2024-07-29,2024-08-28,2024-10-04,filled
5495,2,10,11,2024-09-14,2024-10-21,2024-10-26,filled
5496,2,8,5,2024-07-19,2024-08-24,2024-10-09,filled
5497,2,7,2,2024-07-09,2024-08-30,2024-10-04,filled
5498,2,12,17,2024-08-01,2024-09-04,2024-10-15,filled
5499,2,8,6,2024-08-07,2024-09-23,2024-10-08,filled
5500,2,11,12,2024-07-25,2024-09-15,2024-10-17,filled
5501,2,7,2,2024-09-06,2024-10-15,2024-10-11,filled
5502,2,11,13,2024-08-01,2024-09-26,2024-10-05,filled
5503,2,11,12,2024-07-30,2024-09-15,2024-10-04,filled
5504,2,10,11,2024-08-02,2024-09-21,2024-10-02,filled
5505,2,7,1,2024-08-06,2024-09-13,2024-10-23,filled
5506,2,7,3,2024-07-14,2024-08-18,2024-10-03,filled
5507,2,7,1,2024-07-22,2024-09-08,2024-10-03,filled
5508,2,8,5,2024-08-26,2024-10-15,2024-10-12,filled
5509,2,12,17,2024-08-17,2024-10-05,2024-10-05,filled
5510,2,7,3,2024-07-25,2024-09-23,2024-10-10,filled
5511,2,7,3,2024-07-11,2024-08-28,2024-10-09,filled
5512,3,14,6,2024-07-20,2024-08-29,2024-10-14,filled
5513,3,13,1,2024-07-24,2024-09-19,2024-10-16,filled
5514,3,14,5,2024-07-18,2024-09-09,2024-10-05,filled
5515,3,13,4,2024-08-18,2024-09-25,2024-10-06,filled
5516,3,13,2,2024-07-21,2024-09-01,2024-10-03,filled
5517,3,14,5,2024-08-06,2024-09-21,2024-10-03,filled
5518,3,13,1,2024-09-09,2024-11-03,2024-10-28,filled
5519,3,13,3,2024-08-08,2024-09-18,2024-10-27,filled
5520,3,13,1,2024-08-12,2024-09-24,2024-10-23,filled
5521,3,14,5,2024-07-30,2024-09-02,2024-10-22,filled
5522,3,15,8,2024-07-28,2024-09-13,2024-10-20,filled
5523,3,13,3,2024-07-15,2024-09-06,2024-10-02,filled
5524,3,14,6,2024-08-26,2024-10-05,2024-10-10,filled
5525,3,17,13,2024-08-20,2024-09-22,2024-10-25,filled
5526,3,17,12,2024-07-09,2024-08-23,2024-10-07,filled
5527,3,13,1,2024-08-15,2024-10-07,2024-10-17,filled
5528,3,18,15,2024-09-13,2024-11-01,2024-10-23,filled
5529,3,14,5,2024-08-28,2024-10-17,2024-10-20,filled
5530,3,14,5,2024-07-26,2024-09-12,2024-10-20,filled
5531,3,13,3,2024-09-10,2024-10-11,2024-10-14,filled
5532,3,14,5,2024-08-12,2024-09-13,2024-10-12,filled
5533,3,13,3,2024-09-10,2024-10-26,2024-10-12,filled
5534,3,13,1,2024-09-17,2024-11-12,2024-10-27,filled
5535,3,13,1,2024-08-10,2024-09-29,2024-10-05,filled
5536,3,13,1,2024-09-03,2024-10-28,2024-10-10,filled
5537,3,13,1,2024-09-12,2024-10-26,2024-10-25,filled
5538,3,13,1,2024-09-02,2024-10-29,2024-10-11,filled
5539,3,13,2,2024-08-12,2024-09-26,2024-10-01,filled
5540,3,13,3,2024-09-21,2024-11-03,2024-10-21,filled
5541,3,14,5,2024-09-21,2024-10-28,2024-10-25,filled
5542,3,13,2,2024-09-04,2024-10-20,2024-10-15,filled
5543,3,13,3,2024-09-12,2024-10-24,2024-10-26,filled
5544,3,13,3,2024-07-21,2024-09-16,2024-10-05,filled
5545,3,13,2,2024-07-10,2024-08-27,2024-10-06,filled
5546,3,13,1,2024-07-26,2024-09-12,2024-10-12,filled
5547,3,14,5,2024-09-08,2024-10-25,2024-10-15,filled
5548,4,23,12,2024-07-20,2024-08-25,2024-10-12,filled
5549,4,21,8,2024-08-13,2024-10-06,2024-10-19,filled
5550,4,19,3,2024-08-18,2024-09-27,2024-10-20,filled
5551,4,19,2,2024-09-13,2024-11-12,2024-10-24,filled
5552,4,21,8,2024-09-08,2024-10-27,2024-10-10,filled
5553,4,22,10,2024-09-02,2024-11-01,2024-10-15,filled
5554,1,4,10,2024-09-13,2024-11-03,2024-11-26,filled
5555,1,1,2,2024-09-10,2024-10-28,2024-11-19,filled
5556,1,4,11,2024-10-09,2024-11-17,2024-11-16,filled
5557,1,1,2,2024-09-05,2024-10-26,2024-11-19,filled
5558,1,6,16,2024-09-15,2024-10-23,2024-11-14,filled
5559,1,5,13,2024-10-04,2024-11-26,2024-11-14,filled
5560,1,1,2,2024-09-09,2024-10-20,2024-11-10,filled
5561,1,1,1,2024-09-16,2024-10-27,2024-11-14,filled
5562,1,1,1,2024-10-11,2024-11-11,2024-11-20,filled
5563,1,3,8,2024-10-14,2024-12-04,2024-11-13,filled
5564,1,1,1,2024-08-16,2024-09-21,2024-11-01,filled
5565,1,4,11,2024-09-11,2024-10-11,2024-11-22,filled
5566,2,10,11,2024-09-13,2024-11-11,2024-11-22,filled
5567,2,10,11,2024-09-10,2024-11-02,2024-11-07,filled
5568,3,18,15,2024-10-15,2024-11-30,2024-11-22,filled
5569,3,13,1,2024-09-06,2024-11-03,2024-11-12,filled
5570,3,15,8,2024-09-20,2024-11-07,2024-11-21,filled
5571,3,15,8,2024-10-10,2024-11-20,2024-11-16,filled
5572,3,13,1,2024-08-29,2024-10-23,2024-11-10,filled
5573,3,13,1,2024-09-18,2024-11-09,2024-11-04,filled
5574,3,13,1,2024-10-08,2024-11-29,2024-11-18,filled
5575,3,15,8,2024-10-21,2024-12-09,2024-11-20,filled
5576,3,13,2,2024-08-19,2024-10-01,2024-11-08,filled
5577,3,13,1,2024-09-26,2024-11-21,2024-11-27,filled
5578,3,13,1,2024-09-18,2024-10-21,2024-11-12,filled
5579,3,14,6,2024-08-11,2024-09-18,2024-11-06,filled
5580,3,16,10,2024-10-04,2024-11-10,2024-11-23,filled
5581,3,13,1,2024-08-29,2024-10-05,2024-11-11,filled
5582,3,13,1,2024-10-03,2024-11-25,2024-11-26,filled
5583,3,13,2,2024-09-27,2024-11-02,2024-11-27,filled
5584,3,14,7,2024-09-17,2024-11-07,2024-11-28,filled
5585,3,13,1,2024-09-22,2024-11-14,2024-11-15,filled
5586,3,13,2,2024-09-02,2024-10-05,2024-11-28,filled
5587,3,13,1,2024-10-24,2024-12-06,2024-11-23,filled
5588,3,17,13,2024-10-09,2024-12-01,2024-11-18,filled
5589,3,13,1,2024-09-26,2024-10-28,2024-11-02,filled
5590,4,20,6,2024-09-11,2024-10-30,2024-11-25,filled
5591,4,24,15,2024-08-29,2024-10-25,2024-11-08,filled
5592,4,20,7,2024-08-08,2024-09-08,2024-11-04,filled
5593,4,21,9,2024-09-13,2024-10-31,2024-11-09,filled
5594,4,20,7,2024-08-26,2024-09-25,2024-11-09,filled
5595,4,21,8,2024-10-10,2024-11-13,2024-11-26,filled
5596,4,24,15,2024-09-10,2024-10-19,2024-11-28,filled
5597,4,20,5,2024-09-05,2024-11-04,2024-11-18,filled
5598,4,24,16,2024-09-20,2024-10-21,2024-11-06,filled
5599,3,13,2,2024-09-13,2024-11-02,2024-12-12,filled
5600,3,13,1,2024-10-16,2024-11-18,2024-12-02,filled
5601,3,18,15,2024-11-09,2025-01-01,2024-12-27,filled
5602,3,13,1,2024-10-12,2024-11-22,2024-12-18,filled
5603,3,13,3,2024-11-04,2024-12-13,2024-12-12,filled
5604,3,13,3,2024-09-18,2024-11-01,2024-12-06,filled
5605,3,14,6,2024-11-21,2024-12-27,2024-12-22,filled
5606,3,15,8,2024-10-22,2024-11-30,2024-12-14,filled
5607,3,13,1,2024-10-05,2024-11-10,2024-12-11,filled
5608,3,13,2,2024-10-17,2024-11-21,2024-12-17,filled
5609,3,16,10,2024-10-15,2024-12-04,2024-12-03,filled
5610,3,13,1,2024-10-11,2024-12-01,2024-12-16,filled
5611,3,15,9,2024-11-13,2024-12-29,2024-12-16,filled
5612,4,21,8,2024-11-10,2024-12-10,2024-12-27,filled
5613,4,20,5,2024-11-07,2024-12-29,2024-12-28,filled
5614,4,24,16,2024-11-14,2025-01-13,2024-12-21,filled
5615,2,11,13,2025-05-06,2025-06-10,2025-06-13,filled
5616,2,7,3,2025-05-10,2025-06-17,2025-06-14,filled
5617,2,12,16,2025-04-06,2025-05-24,2025-06-25,filled
5618,2,8,6,2025-05-18,2025-07-08,2025-06-18,filled
5619,2,10,11,2025-04-13,2025-06-07,2025-06-09,filled
5620,2,8,6,2025-05-08,2025-06-13,2025-06-23,filled
5621,2,9,8,2025-05-02,2025-06-29,2025-06-26,filled
5622,2,7,2,2025-04-06,2025-05-08,2025-06-07,filled
5623,2,8,5,2025-05-05,2025-07-03,2025-06-06,filled
5624,2,8,6,2025-05-08,2025-06-18,2025-06-26,filled
5625,2,7,1,2025-04-04,2025-06-02,2025-06-17,filled
5626,2,7,2,2025-03-25,2025-04-29,2025-06-10,filled
5627,2,7,2,2025-05-08,2025-06-12,2025-06-26,filled
5628,2,7,3,2025-03-19,2025-05-15,2025-06-14,filled
5629,2,9,8,2025-04-27,2025-06-23,2025-06-24,filled
5630,2,9,8,2025-04-01,2025-05-24,2025-06-12,filled
5631,1,2,5,2025-04-11,2025-05-25,2025-07-07,filled
5632,2,7,1,2025-06-19,2025-07-23,2025-07-28,filled
5633,2,7,1,2025-04-24,2025-05-24,2025-07-05,filled
5634,2,7,2,2025-05-07,2025-06-29,2025-07-26,filled
5635,2,7,1,2025-06-03,2025-07-31,2025-07-18,filled
5636,2,7,1,2025-05-15,2025-06-21,2025-07-23,filled
5637,2,8,5,2025-06-02,2025-07-15,2025-07-03,filled
5638,2,7,2,2025-04-30,2025-06-07,2025-07-17,filled
5639,2,12,16,2025-06-10,2025-08-01,2025-07-28,filled
5640,2,7,2,2025-05-24,2025-07-13,2025-07-02,filled
5641,2,8,5,2025-05-14,2025-07-02,2025-07-15,filled
5642,2,12,15,2025-04-14,2025-05-20,2025-07-13,filled
5643,2,8,5,2025-05-19,2025-07-08,2025-07-24,filled
5644,2,7,2,2025-04-17,2025-05-30,2025-07-02,filled
5645,2,11,13,2025-05-04,2025-06-09,2025-07-03,filled
5646,2,10,10,2025-06-13,2025-07-15,2025-07-19,filled
5647,2,8,5,2025-05-01,2025-06-06,2025-07-25,filled
5648,2,8,5,2025-05-27,2025-07-12,2025-07-23,filled
5649,2,7,1,2025-05-16,2025-06-21,2025-07-14,filled
5650,2,12,16,2025-05-06,2025-06-09,2025-07-12,filled
5651,2,7,1,2025-05-13,2025-07-11,2025-07-12,filled
5652,2,9,8,2025-05-21,2025-06-27,2025-07-15,filled
5653,2,7,3,2025-04-26,2025-06-21,2025-07-23,filled
5654,2,7,3,2025-05-10,2025-06-13,2025-07-08,filled
5655,2,11,12,2025-05-09,2025-06-08,2025-07-19,filled
5656,2,7,1,2025-05-14,2025-06-23,2025-07-02,filled
5657,2,12,16,2025-04-21,2025-05-24,2025-07-17,filled
5658,2,8,5,2025-04-30,2025-06-26,2025-07-06,filled
5659,2,8,5,2025-06-08,2025-08-05,2025-07-21,filled
5660,2,7,1,2025-06-10,2025-07-22,2025-07-21,filled
5661,2,11,12,2025-05-05,2025-06-22,2025-07-09,filled
5662,2,10,11,2025-05-13,2025-06-16,2025-07-21,filled
5663,2,7,1,2025-06-08,2025-07-12,2025-07-16,filled
5664,4,19,3,2025-04-27,2025-06-20,2025-07-15,filled
5665,4,19,1,2025-04-07,2025-05-20,2025-07-03,filled
5666,4,24,15,2025-05-29,2025-07-23,2025-07-22,filled
5667,4,23,13,2025-05-20,2025-07-09,2025-07-12,filled
5668,1,1,4,2025-07-01,2025-08-20,2025-08-18,filled
5669,1,5,12,2025-07-04,2025-08-20,2025-08-23,filled
5670,1,1,2,2025-05-29,2025-07-11,2025-08-07,filled
5671,1,4,10,2025-07-12,2025-09-06,2025-08-16,filled
5672,1,4,11,2025-06-28,2025-08-17,2025-08-08,filled
5673,1,2,6,2025-07-14,2025-08-20,2025-08-17,filled
5674,1,1,1,2025-05-25,2025-07-10,2025-08-11,filled
5675,1,1,3,2025-07-12,2025-08-17,2025-08-19,filled
5676,1,1,1,2025-07-06,2025-08-26,2025-08-13,filled
5677,1,5,13,2025-07-18,2025-09-04,2025-08-24,filled
5678,1,2,5,2025-06-18,2025-07-29,2025-08-15,filled
5679,1,4,10,2025-07-13,2025-09-09,2025-08-18,filled
5680,1,1,1,2025-06-06,2025-07-13,2025-08-21,filled
5681,1,1,2,2025-06-09,2025-07-19,2025-08-01,filled
5682,1,2,5,2025-06-03,2025-07-24,2025-08-16,filled
5683,1,2,5,2025-05-29,2025-07-25,2025-08-07,filled
5684,1,3,9,2025-05-26,2025-07-20,2025-08-10,filled
5685,1,1,1,2025-06-19,2025-07-28,2025-08-16,filled
5686,1,3,9,2025-06-08,2025-07-27,2025-08-26,filled
5687,1,1,3,2025-05-27,2025-07-01,2025-08-07,filled
5688,1,5,13,2025-06-29,2025-08-24,2025-08-03,filled
5689,1,2,5,2025-06-21,2025-08-20,2025-08-06,filled
5690,1,5,13,2025-06-09,2025-07-11,2025-08-07,filled
5691,1,2,5,2025-06-06,2025-07-09,2025-08-15,filled
5692,1,2,5,2025-06-07,2025-08-06,2025-08-01,filled
5693,1,5,13,2025-06-28,2025-07-31,2025-08-01,filled
5694,1,3,9,2025-07-01,2025-08-25,2025-08-11,filled
5695,1,1,1,2025-07-10,2025-08-13,2025-08-24,filled
5696,1,1,1,2025-06-18,2025-07-28,2025-08-07,filled
5697,1,6,16,2025-06-10,2025-07-31,2025-08-25,filled
5698,1,1,1,2025-05-27,2025-07-03,2025-08-12,filled
5699,2,8,7,2025-07-04,2025-08-09,2025-08-14,filled
5700,2,10,11,2025-06-01,2025-07-23,2025-08-08,filled
5701,2,12,17,2025-05-24,2025-07-20,2025-08-21,filled
5702,2,7,1,2025-07-06,2025-08-27,2025-08-27,filled
5703,2,7,1,2025-06-06,2025-07-22,2025-08-01,filled
5704,2,8,6,2025-07-15,2025-09-13,2025-08-28,filled
5705,2,7,3,2025-07-04,2025-08-20,2025-08-16,filled
5706,2,7,1,2025-06-29,2025-08-06,2025-08-17,filled
5707,2,7,1,2025-07-07,2025-08-25,2025-08-24,filled
5708,2,8,6,2025-06-05,2025-07-15,2025-08-12,filled
5709,2,7,1,2025-06-24,2025-08-08,2025-08-27,filled
5710,2,12,17,2025-06-22,2025-07-31,2025-08-07,filled
5711,2,7,1,2025-05-30,2025-07-29,2025-08-20,filled
5712,2,11,13,2025-05-18,2025-07-14,2025-08-16,filled
5713,2,7,1,2025-06-01,2025-07-30,2025-08-14,filled
5714,2,8,6,2025-07-09,2025-08-10,2025-08-24,filled
5715,2,12,15,2025-05-21,2025-07-01,2025-08-18,filled
5716,2,8,5,2025-06-14,2025-08-12,2025-08-26,filled
5717,2,7,1,2025-06-14,2025-07-16,2025-08-15,filled
5718,2,12,15,2025-06-29,2025-08-05,2025-08-22,filled
5719,2,11,12,2025-06-29,2025-08-23,2025-08-06,filled
5720,2,10,10,2025-05-24,2025-06-23,2025-08-20,filled
5721,2,10,10,2025-05-26,2025-06-29,2025-08-05,filled
5722,2,7,1,2025-06-28,2025-07-30,2025-08-04,filled
5723,2,8,7,2025-06-21,2025-08-06,2025-08-13,filled
5724,2,11,12,2025-06-11,2025-07-20,2025-08-26,filled
5725,3,13,3,2025-07-21,2025-08-29,2025-08-25,filled
5726,3,16,10,2025-06-24,2025-08-22,2025-08-18,filled
5727,3,18,16,2025-06-18,2025-08-11,2025-08-19,filled
5728,3,14,6,2025-05-25,2025-07-06,2025-08-18,filled
5729,3,13,2,2025-05-23,2025-07-14,2025-08-21,filled
5730,3,14,5,2025-07-05,2025-08-31,2025-08-06,filled
5731,3,15,8,2025-05-08,2025-07-04,2025-08-03,filled
5732,3,13,1,2025-05-23,2025-06-26,2025-08-07,filled
5733,3,15,8,2025-06-09,2025-07-27,2025-08-09,filled
5734,3,15,9,2025-06-26,2025-07-26,2025-08-08,filled
5735,4,22,11,2025-05-18,2025-07-10,2025-08-13,filled
5736,4,19,1,2025-06-01,2025-07-07,2025-08-18,filled
5737,4,20,7,2025-06-18,2025-08-08,2025-08-02,filled
5738,4,21,8,2025-05-30,2025-07-27,2025-08-15,filled
5739,4,20,5,2025-06-06,2025-07-17,2025-08-27,filled
5740,4,19,4,2025-05-21,2025-06-22,2025-08-17,filled
5741,4,19,1,2025-06-15,2025-08-05,2025-08-03,filled
5742,4,19,2,2025-05-24,2025-07-07,2025-08-22,filled
5743,4,20,5,2025-07-01,2025-08-30,2025-08-21,filled
5744,1,6,17,2025-06-27,2025-08-22,2025-09-22,filled
5745,1,1,2,2025-06-29,2025-08-17,2025-09-21,filled
5746,1,2,6,2025-07-04,2025-08-21,2025-09-18,filled
5747,1,1,2,2025-06-27,2025-08-12,2025-09-03,filled
5748,1,4,10,2025-07-04,2025-09-01,2025-09-07,filled
5749,1,6,15,2025-07-19,2025-08-24,2025-09-01,filled
5750,1,3,8,2025-07-04,2025-08-23,2025-09-25,filled
5751,1,1,1,2025-06-25,2025-08-12,2025-09-16,filled
5752,1,6,17,2025-06-22,2025-07-23,2025-09-10,filled
5753,1,6,16,2025-07-12,2025-09-07,2025-09-08,filled
5754,1,1,1,2025-07-24,2025-09-14,2025-09-16,filled
5755,1,1,3,2025-08-01,2025-09-13,2025-09-03,filled
5756,1,1,1,2025-08-02,2025-10-01,2025-09-21,filled
5757,1,2,5,2025-08-27,2025-10-12,2025-09-26,filled
5758,1,1,1,2025-06-19,2025-07-26,2025-09-02,filled
5759,1,5,12,2025-08-07,2025-09-08,2025-09-12,filled
5760,1,2,5,2025-07-04,2025-08-12,2025-09-20,filled
5761,1,1,1,2025-07-31,2025-09-22,2025-09-16,filled
5762,1,2,5,2025-07-10,2025-08-27,2025-09-12,filled
5763,1,2,5,2025-07-20,2025-08-24,2025-09-15,filled
5764,1,1,1,2025-06-13,2025-08-11,2025-09-03,filled
5765,1,1,2,2025-07-05,2025-08-12,2025-09-04,filled
5766,1,1,1,2025-08-09,2025-09-17,2025-09-11,filled
5767,1,1,1,2025-06-28,2025-07-30,2025-09-18,filled
5768,2,9,9,2025-07-04,2025-08-24,2025-09-14,filled
5769,2,7,1,2025-07-16,2025-08-18,2025-09-15,filled
5770,2,7,2,2025-07-21,2025-09-15,2025-09-03,filled
5771,2,7,1,2025-07-23,2025-08-27,2025-09-05,filled
5772,2,8,6,2025-08-20,2025-10-15,2025-09-19,filled
5773,2,7,1,2025-07-11,2025-08-10,2025-09-07,filled
5774,2,8,5,2025-07-10,2025-08-24,2025-09-18,filled
5775,2,8,5,2025-07-27,2025-09-18,2025-09-26,filled
5776,2,9,8,2025-07-25,2025-09-04,2025-09-08,filled
5777,2,12,16,2025-07-04,2025-08-25,2025-09-02,filled
5778,2,8,6,2025-08-17,2025-09-23,2025-09-24,filled
5779,2,8,5,2025-07-21,2025-08-23,2025-09-04,filled
5780,2,7,2,2025-08-02,2025-09-13,2025-09-25,filled
5781,2,8,6,2025-06-28,2025-08-27,2025-09-09,filled
5782,2,8,5,2025-07-06,2025-08-17,2025-09-02,filled
5783,2,7,2,2025-08-15,2025-09-25,2025-09-19,filled
5784,2,10,10,2025-08-03,2025-09-08,2025-09-17,filled
5785,2,10,10,2025-07-23,2025-08-25,2025-09-15,filled
5786,2,9,8,2025-06-30,2025-08-02,2025-09-24,filled
5787,2,7,1,2025-07-02,2025-08-04,2025-09-11,filled
5788,2,12,16,2025-08-02,2025-09-08,2025-09-15,filled
5789,2,8,5,2025-08-17,2025-10-05,2025-09-17,filled
5790,2,8,5,2025-07-14,2025-09-07,2025-09-21,filled
5791,2,7,3,2025-07-07,2025-08-09,2025-09-16,filled
5792,2,12,15,2025-07-18,2025-09-02,2025-09-27,filled
5793,3,13,1,2025-07-03,2025-08-02,2025-09-04,filled
5794,3,15,8,2025-08-08,2025-10-02,2025-09-19,filled
5795,3,13,2,2025-08-15,2025-09-30,2025-09-23,filled
5796,3,14,5,2025-07-18,2025-08-25,2025-09-27,filled
5797,3,16,11,2025-07-02,2025-08-26,2025-09-07,filled
5798,3,13,2,2025-07-20,2025-08-21,2025-09-21,filled
5799,3,18,17,2025-07-24,2025-09-14,2025-09-28,filled
5800,3,15,8,2025-08-12,2025-10-02,2025-09-15,filled
5801,3,14,6,2025-08-04,2025-09-17,2025-09-04,filled
5802,3,13,3,2025-07-14,2025-08-23,2025-09-23,filled
5803,3,15,8,2025-07-27,2025-08-26,2025-09-16,filled
5804,3,15,9,2025-06-17,2025-07-21,2025-09-14,filled
5805,3,13,1,2025-08-13,2025-09-24,2025-09-27,filled
5806,3,13,3,2025-08-03,2025-09-16,2025-09-16,filled
5807,3,14,5,2025-06-20,2025-07-27,2025-09-13,filled
5808,3,13,1,2025-08-09,2025-09-23,2025-09-26,filled
5809,3,13,3,2025-06-30,2025-08-20,2025-09-28,filled
5810,3,13,1,2025-06-18,2025-08-16,2025-09-05,filled
5811,3,13,1,2025-07-20,2025-09-01,2025-09-20,filled
5812,3,13,1,2025-08-09,2025-09-15,2025-09-28,filled
5813,3,13,1,2025-07-15,2025-09-05,2025-09-15,filled
5814,3,15,8,2025-08-17,2025-09-18,2025-09-16,filled
5815,3,13,4,2025-07-19,2025-08-31,2025-09-20,filled
5816,3,18,16,2025-06-29,2025-08-17,2025-09-01,filled
5817,3,13,1,2025-07-30,2025-09-25,2025-09-20,filled
5818,3,13,1,2025-07-09,2025-09-01,2025-09-16,filled
5819,3,13,1,2025-07-04,2025-08-09,2025-09-25,filled
5820,3,13,1,2025-07-09,2025-08-29,2025-09-23,filled
5821,3,13,3,2025-08-06,2025-09-12,2025-09-09,filled
5822,3,13,1,2025-07-23,2025-09-09,2025-09-03,filled
5823,3,13,3,2025-08-03,2025-09-17,2025-09-15,filled
5824,3,16,10,2025-08-12,2025-10-05,2025-09-21,filled
5825,3,14,6,2025-07-16,2025-09-09,2025-09-15,filled
5826,3,13,3,2025-07-19,2025-09-09,2025-09-02,filled
5827,3,14,5,2025-07-20,2025-08-29,2025-09-24,filled
5828,3,16,11,2025-06-09,2025-07-26,2025-09-06,filled
5829,3,15,8,2025-07-16,2025-08-30,2025-09-16,filled
5830,4,21,9,2025-07-18,2025-08-20,2025-09-11,filled
5831,4,22,10,2025-07-26,2025-09-13,2025-09-27,filled
5832,4,21,8,2025-07-16,2025-09-10,2025-09-28,filled
5833,4,24,16,2025-07-31,2025-09-10,2025-09-08,filled
5834,4,19,2,2025-07-18,2025-08-17,2025-09-25,filled
5835,4,19,1,2025-07-19,2025-09-16,2025-09-16,filled
5836,4,24,15,2025-06-22,2025-07-30,2025-09-10,filled
5837,4,19,1,2025-08-16,2025-10-11,2025-09-18,filled
5838,4,20,5,2025-07-18,2025-08-23,2025-09-07,filled
5839,4,20,6,2025-06-13,2025-07-14,2025-09-06,filled
5840,4,19,3,2025-06-25,2025-08-06,2025-09-19,filled
5841,4,20,6,2025-08-09,2025-09-22,2025-09-21,filled
5842,1,4,10,2025-07-24,2025-08-24,2025-10-20,filled
5843,1,1,3,2025-09-03,2025-10-08,2025-10-19,filled
5844,1,3,9,2025-08-29,2025-10-23,2025-10-04,filled
5845,1,2,5,2025-09-13,2025-10-31,2025-10-23,filled
5846,1,2,6,2025-09-06,2025-10-06,2025-10-07,filled
5847,1,1,1,2025-07-29,2025-09-20,2025-10-12,filled
5848,1,2,5,2025-09-04,2025-10-10,2025-10-22,filled
5849,1,1,3,2025-08-08,2025-09-07,2025-10-01,filled
5850,1,1,1,2025-07-17,2025-08-26,2025-10-03,filled
5851,1,1,2,2025-08-27,2025-10-23,2025-10-06,filled
5852,1,1,4,2025-09-15,2025-10-17,2025-10-24,filled
5853,1,6,16,2025-08-01,2025-09-04,2025-10-01,filled
5854,1,2,5,2025-09-18,2025-10-31,2025-10-25,filled
5855,1,1,3,2025-08-11,2025-09-16,2025-10-18,filled
5856,1,1,2,2025-08-03,2025-09-13,2025-10-01,filled
5857,1,1,3,2025-09-08,2025-10-28,2025-10-14,filled
5858,1,6,15,2025-08-26,2025-09-28,2025-10-09,filled
5859,1,1,1,2025-08-01,2025-09-28,2025-10-21,filled
5860,1,1,1,2025-08-09,2025-10-06,2025-10-23,filled
5861,2,7,1,2025-09-18,2025-11-17,2025-10-18,filled
5862,2,7,3,2025-09-08,2025-10-27,2025-10-26,filled
5863,2,9,9,2025-08-03,2025-09-19,2025-10-24,filled
5864,2,12,15,2025-09-10,2025-10-12,2025-10-14,filled
5865,2,7,3,2025-09-10,2025-10-18,2025-10-14,filled
5866,2,8,5,2025-09-11,2025-10-22,2025-10-12,filled
5867,2,10,10,2025-07-27,2025-09-11,2025-10-16,filled
5868,2,8,5,2025-08-15,2025-09-23,2025-10-18,filled
5869,2,8,5,2025-09-20,2025-11-08,2025-10-25,filled
5870,2,10,10,2025-09-01,2025-10-28,2025-10-07,filled
5871,2,8,6,2025-08-04,2025-09-03,2025-10-25,filled
5872,2,7,3,2025-08-03,2025-09-19,2025-10-16,filled
5873,2,9,8,2025-08-17,2025-10-16,2025-10-16,filled
5874,2,8,7,2025-08-06,2025-09-07,2025-10-02,filled
5875,2,7,2,2025-07-19,2025-08-30,2025-10-13,filled
5876,2,7,2,2025-07-03,2025-08-31,2025-10-01,filled
5877,3,18,17,2025-08-31,2025-10-15,2025-10-03,filled
5878,3,14,5,2025-08-13,2025-10-05,2025-10-20,filled
5879,3,13,3,2025-07-29,2025-08-30,2025-10-26,filled
5880,3,15,9,2025-08-13,2025-09-23,2025-10-24,filled
5881,3,18,15,2025-08-20,2025-09-26,2025-10-08,filled
5882,3,13,2,2025-07-28,2025-09-25,2025-10-07,filled
5883,3,18,16,2025-07-21,2025-09-07,2025-10-12,filled
5884,3,18,16,2025-07-28,2025-09-13,2025-10-11,filled
5885,3,14,5,2025-09-04,2025-10-21,2025-10-17,filled
5886,3,14,5,2025-08-17,2025-10-07,2025-10-13,filled
5887,3,18,17,2025-09-01,2025-10-12,2025-10-02,filled
5888,3,17,13,2025-07-13,2025-08-23,2025-10-06,filled
5889,3,18,15,2025-08-28,2025-10-09,2025-10-13,filled
5890,3,14,6,2025-09-22,2025-10-22,2025-10-23,filled
5891,3,13,1,2025-07-11,2025-09-07,2025-10-09,filled
5892,3,17,12,2025-09-05,2025-11-04,2025-10-11,filled
5893,3,18,16,2025-09-16,2025-11-14,2025-10-20,filled
5894,3,14,6,2025-08-27,2025-09-27,2025-10-14,filled
5895,3,13,1,2025-09-22,2025-10-25,2025-10-26,filled
5896,3,13,1,2025-08-26,2025-09-30,2025-10-15,filled
5897,3,14,5,2025-08-26,2025-10-25,2025-10-17,filled
5898,3,14,6,2025-08-13,2025-09-28,2025-10-04,filled
5899,3,13,1,2025-07-05,2025-08-09,2025-10-01,filled
5900,3,17,13,2025-08-23,2025-10-08,2025-10-14,filled
5901,3,13,1,2025-08-18,2025-10-09,2025-10-20,filled
5902,3,14,5,2025-08-25,2025-10-22,2025-10-05,filled
5903,3,14,5,2025-08-10,2025-10-05,2025-10-10,filled
5904,3,14,5,2025-08-28,2025-10-19,2025-10-15,filled
5905,3,18,16,2025-08-25,2025-10-24,2025-10-13,filled
5906,3,13,1,2025-09-13,2025-10-24,2025-10-27,filled
5907,3,13,3,2025-07-25,2025-09-19,2025-10-01,filled
5908,3,14,7,2025-08-13,2025-09-26,2025-10-28,filled
5909,3,13,1,2025-08-10,2025-10-02,2025-10-05,filled
5910,3,13,1,2025-08-09,2025-09-17,2025-10-26,filled
5911,3,13,1,2025-09-06,2025-10-22,2025-10-06,filled
5912,3,13,2,2025-09-04,2025-10-17,2025-10-26,filled
5913,4,19,2,2025-07-30,2025-09-13,2025-10-15,filled
5914,4,20,6,2025-08-16,2025-09-20,2025-10-04,filled
5915,4,20,5,2025-09-11,2025-10-15,2025-10-16,filled
5916,4,20,5,2025-07-31,2025-09-10,2025-10-11,filled
5917,1,4,11,2025-09-22,2025-11-09,2025-11-23,filled
5918,1,1,1,2025-10-20,2025-11-23,2025-11-21,filled
5919,1,6,16,2025-10-04,2025-12-01,2025-11-12,filled
5920,3,18,15,2025-09-18,2025-11-13,2025-11-03,filled
5921,3,13,1,2025-09-16,2025-10-21,2025-11-16,filled
5922,3,13,2,2025-10-06,2025-11-16,2025-11-14,filled
5923,3,14,5,2025-09-26,2025-10-28,2025-11-09,filled
5924,3,15,8,2025-08-18,2025-10-06,2025-11-05,filled
5925,3,14,6,2025-09-04,2025-11-01,2025-11-01,filled
5926,3,14,5,2025-09-28,2025-11-20,2025-11-13,filled
5927,3,17,12,2025-09-06,2025-10-11,2025-11-19,filled
5928,3,14,5,2025-10-04,2025-11-13,2025-11-23,filled
5929,3,13,2,2025-08-12,2025-10-07,2025-11-07,filled
5930,3,18,15,2025-10-10,2025-12-08,2025-11-15,filled
5931,3,16,10,2025-08-21,2025-10-13,2025-11-18,filled
5932,3,13,1,2025-09-07,2025-10-15,2025-11-22,filled
5933,3,16,11,2025-09-03,2025-10-05,2025-11-09,filled
5934,3,14,6,2025-09-13,2025-10-29,2025-11-18,filled
5935,3,15,8,2025-09-27,2025-10-29,2025-11-07,filled
5936,3,15,9,2025-09-06,2025-10-13,2025-11-07,filled
5937,3,14,5,2025-09-25,2025-10-31,2025-11-09,filled
5938,3,15,8,2025-09-14,2025-10-17,2025-11-06,filled
5939,3,13,1,2025-09-20,2025-11-18,2025-11-22,filled
5940,3,16,10,2025-09-08,2025-11-02,2025-11-26,filled
5941,3,13,1,2025-10-02,2025-11-22,2025-11-20,filled
5942,3,14,5,2025-09-29,2025-11-21,2025-11-11,filled
5943,4,20,6,2025-08-24,2025-10-13,2025-11-01,filled
5944,4,19,2,2025-08-17,2025-10-16,2025-11-15,filled
5945,4,24,15,2025-10-14,2025-11-16,2025-11-22,filled
5946,3,16,10,2025-10-18,2025-11-19,2025-12-22,filled
5947,3,15,9,2025-11-16,2025-12-20,2025-12-23,filled
5948,3,17,12,2025-10-24,2025-12-19,2025-12-20,filled
5949,3,18,15,2025-10-06,2025-11-16,2025-12-10,filled
5950,3,13,4,2025-10-17,2025-11-28,2025-12-02,filled
5951,3,13,3,2025-10-14,2025-11-18,2025-12-27,filled
5952,3,14,6,2025-11-27,2025-12-30,2026-01-09,filled
5953,3,13,2,2025-11-30,2026-01-12,2026-01-06,filled
5954,2,10,10,2026-04-23,2026-05-26,2026-06-04,filled
5955,2,7,1,2026-04-20,2026-05-23,2026-06-25,filled
5956,2,8,5,2026-03-19,2026-04-19,2026-06-16,filled
5957,2,12,15,2026-04-03,2026-05-13,2026-06-05,filled
5958,2,7,2,2026-04-11,2026-05-20,2026-06-20,filled
5959,1,1,3,2026-05-30,2026-07-02,2026-07-23,filled
5960,1,2,6,2026-05-21,2026-07-08,2026-07-02,filled
5961,1,1,1,2026-04-27,2026-06-25,2026-07-16,filled
5962,1,3,9,2026-04-08,2026-05-14,2026-07-03,filled
5963,1,6,17,2026-05-29,2026-07-15,2026-07-06,filled
5964,1,1,3,2026-05-17,2026-06-24,2026-07-21,filled
5965,1,2,5,2026-05-12,2026-06-28,2026-07-28,filled
5966,1,2,6,2026-05-18,2026-07-10,2026-07-14,filled
5967,1,1,2,2026-05-02,2026-06-01,2026-07-10,filled
5968,1,1,1,2026-05-11,2026-06-15,2026-07-27,filled
5969,1,2,7,2026-05-17,2026-07-15,2026-07-24,filled
5970,1,5,12,2026-05-11,2026-07-04,2026-07-24,filled
5971,1,5,13,2026-04-05,2026-05-18,2026-07-03,filled
5972,1,1,1,2026-05-25,2026-07-22,2026-07-20,filled
5973,1,2,5,2026-06-21,2026-08-06,2026-07-21,filled
5974,1,2,7,2026-06-09,2026-08-02,2026-07-20,filled
5975,1,1,1,2026-05-02,2026-06-14,2026-07-18,filled
5976,1,1,1,2026-06-16,2026-07-27,2026-07-28,filled
5977,1,5,13,2026-06-01,2026-07-11,2026-07-10,filled
5978,1,2,5,2026-05-26,2026-07-22,2026-07-13,filled
5979,1,1,3,2026-05-31,2026-07-14,2026-07-24,filled
5980,1,1,3,2026-05-21,2026-07-01,2026-07-08,filled
5981,1,4,11,2026-04-29,2026-06-24,2026-07-27,filled
5982,1,6,15,2026-05-05,2026-06-13,2026-07-04,filled
5983,1,4,10,2026-05-28,2026-07-19,2026-07-24,filled
5984,2,11,12,2026-05-17,2026-07-04,2026-07-24,filled
5985,2,7,2,2026-06-04,2026-07-27,2026-07-27,filled
5986,2,9,9,2026-05-13,2026-06-25,2026-07-24,filled
5987,2,9,9,2026-05-14,2026-06-23,2026-07-20,filled
5988,2,7,1,2026-04-25,2026-06-04,2026-07-16,filled
5989,2,7,2,2026-05-28,2026-07-26,2026-07-14,filled
5990,2,8,5,2026-04-28,2026-05-28,2026-07-21,filled
5991,2,7,1,2026-05-31,2026-07-04,2026-07-28,filled
5992,2,11,12,2026-05-14,2026-06-24,2026-07-13,filled
5993,2,8,5,2026-06-18,2026-07-27,2026-07-28,filled
5994,2,11,14,2026-06-18,2026-07-27,2026-07-22,filled
5995,2,12,15,2026-04-25,2026-06-15,2026-07-07,filled
5996,2,7,3,2026-05-01,2026-06-28,2026-07-15,filled
5997,2,7,1,2026-05-20,2026-07-11,2026-07-15,filled
5998,2,7,2,2026-04-28,2026-06-20,2026-07-23,filled
5999,2,9,9,2026-06-13,2026-07-22,2026-07-28,filled
6000,2,9,9,2026-05-11,2026-07-04,2026-07-25,filled
6001,2,7,3,2026-05-24,2026-06-25,2026-07-08,filled
6002,2,12,16,2026-04-27,2026-06-08,2026-07-21,filled
6003,2,8,6,2026-06-11,2026-07-18,2026-07-24,filled
6004,2,7,4,2026-04-26,2026-06-25,2026-07-24,filled
6005,4,21,8,2026-05-09,2026-07-01,2026-07-27,filled
6006,4,19,3,2026-05-20,2026-06-29,2026-07-14,filled
6007,4,19,3,2026-05-09,2026-06-21,2026-07-06,filled
6008,4,23,13,2026-06-13,2026-08-10,2026-07-15,filled
6009,1,1,1,2026-06-10,2026-08-02,2026-08-18,filled
6010,1,4,10,2026-05-12,2026-06-30,2026-08-02,filled
6011,1,1,1,2026-06-12,2026-08-06,2026-08-14,filled
6012,1,6,15,2026-05-24,2026-07-01,2026-08-04,filled
6013,1,1,2,2026-05-21,2026-06-24,2026-08-04,filled
6014,1,1,1,2026-05-16,2026-07-11,2026-08-01,filled
6015,1,1,2,2026-06-25,2026-08-10,2026-08-23,filled
6016,1,1,1,2026-05-27,2026-07-25,2026-08-18,filled
6017,1,2,6,2026-07-02,2026-08-18,2026-08-07,filled
6018,1,1,1,2026-06-06,2026-07-27,2026-08-12,filled
6019,1,1,1,2026-06-29,2026-08-26,2026-08-03,filled
6020,1,5,13,2026-07-03,2026-08-27,2026-08-22,filled
6021,1,1,1,2026-06-14,2026-08-09,2026-08-07,filled
6022,1,6,15,2026-06-30,2026-08-20,2026-08-20,filled
6023,1,1,3,2026-07-07,2026-08-30,2026-08-13,filled
6024,1,6,15,2026-06-25,2026-08-09,2026-08-15,filled
6025,1,6,15,2026-05-07,2026-06-13,2026-08-05,filled
6026,1,1,1,2026-06-18,2026-07-26,2026-08-06,filled
6027,1,5,13,2026-06-17,2026-08-16,2026-08-28,filled
6028,1,3,8,2026-07-08,2026-08-09,2026-08-19,filled
6029,1,1,2,2026-05-27,2026-06-28,2026-08-15,filled
6030,1,6,15,2026-06-07,2026-07-15,2026-08-15,filled
6031,1,6,15,2026-06-02,2026-07-29,2026-08-13,filled
6032,1,5,13,2026-05-29,2026-07-09,2026-08-19,filled
6033,1,1,1,2026-06-13,2026-08-11,2026-08-22,filled
6034,1,2,6,2026-05-23,2026-06-22,2026-08-17,filled
6035,1,1,1,2026-06-24,2026-07-30,2026-08-25,filled
6036,1,2,5,2026-06-20,2026-08-09,2026-08-12,filled
6037,1,1,1,2026-07-02,2026-08-18,2026-08-19,filled
6038,2,8,7,2026-05-08,2026-06-21,2026-08-02,filled
6039,2,8,6,2026-07-02,2026-08-11,2026-08-07,filled
6040,2,10,11,2026-07-02,2026-08-08,2026-08-19,filled
6041,2,9,9,2026-05-29,2026-06-29,2026-08-24,filled
6042,2,9,8,2026-07-02,2026-08-15,2026-08-09,filled
6043,2,8,5,2026-06-18,2026-08-13,2026-08-22,filled
6044,2,9,9,2026-05-11,2026-06-28,2026-08-03,filled
6045,2,8,6,2026-05-13,2026-06-25,2026-08-03,filled
6046,2,7,2,2026-06-07,2026-07-08,2026-08-12,filled
6047,2,7,1,2026-06-12,2026-07-22,2026-08-27,filled
6048,2,11,14,2026-07-02,2026-08-08,2026-08-02,filled
6049,2,10,10,2026-06-09,2026-07-09,2026-08-21,filled
6050,2,12,16,2026-05-12,2026-06-26,2026-08-10,filled
6051,2,7,1,2026-06-15,2026-07-23,2026-08-08,filled
6052,2,7,1,2026-06-28,2026-08-05,2026-08-17,filled
6053,2,12,15,2026-07-04,2026-08-25,2026-08-20,filled
6054,2,7,1,2026-05-29,2026-07-05,2026-08-18,filled
6055,2,11,14,2026-07-02,2026-08-18,2026-08-18,filled
6056,2,7,2,2026-06-13,2026-08-03,2026-08-21,filled
6057,2,7,1,2026-06-12,2026-07-22,2026-08-19,filled
6058,2,9,8,2026-06-19,2026-08-14,2026-08-01,filled
6059,2,10,10,2026-06-26,2026-08-13,2026-08-11,filled
6060,2,7,1,2026-07-06,2026-08-16,2026-08-28,filled
6061,2,10,10,2026-05-28,2026-07-08,2026-08-13,filled
6062,2,7,1,2026-05-22,2026-07-21,2026-08-08,filled
6063,3,16,10,2026-06-21,2026-08-01,2026-08-17,filled
6064,3,13,1,2026-06-20,2026-08-07,2026-08-27,filled
6065,3,14,6,2026-06-20,2026-08-17,2026-08-23,filled
6066,3,13,3,2026-06-03,2026-07-23,2026-08-25,filled
6067,3,15,8,2026-06-12,2026-08-06,2026-08-28,filled
6068,3,13,1,2026-06-09,2026-08-03,2026-08-02,filled
6069,3,14,5,2026-05-17,2026-06-23,2026-08-05,filled
6070,3,17,12,2026-06-06,2026-07-25,2026-08-18,filled
6071,3,14,5,2026-07-02,2026-08-31,2026-08-13,filled
6072,3,13,1,2026-06-11,2026-07-14,2026-08-17,filled
6073,3,17,13,2026-05-30,2026-07-14,2026-08-17,filled
6074,3,13,1,2026-07-13,2026-09-07,2026-08-25,filled
6075,3,13,1,2026-05-23,2026-07-04,2026-08-17,filled
6076,3,13,2,2026-05-28,2026-07-03,2026-08-05,filled
6077,3,13,1,2026-06-03,2026-07-05,2026-08-27,filled
6078,3,14,5,2026-05-22,2026-07-21,2026-08-18,filled
6079,3,14,6,2026-06-26,2026-08-06,2026-08-06,filled
6080,4,24,15,2026-07-18,2026-08-29,2026-08-18,filled
6081,4,22,11,2026-06-28,2026-08-22,2026-08-13,filled
6082,4,19,3,2026-07-03,2026-08-24,2026-08-15,filled
6083,4,24,15,2026-06-08,2026-07-29,2026-08-06,filled
6084,4,19,1,2026-07-06,2026-09-01,2026-08-06,filled
6085,4,21,8,2026-06-17,2026-08-03,2026-08-04,filled
6086,4,22,10,2026-06-09,2026-07-31,2026-08-03,filled
6087,4,19,2,2026-06-14,2026-07-14,2026-08-18,filled
6088,4,19,2,2026-06-18,2026-08-06,2026-08-17,filled
6089,4,19,1,2026-06-18,2026-07-21,2026-08-09,filled
6090,4,23,14,2026-06-15,2026-07-18,2026-08-17,filled
6091,1,1,2,2023-09-23,2023-12-20,,cancelled
6092,1,4,11,2023-09-02,2023-10-26,,on_hold
6093,1,1,1,2023-09-20,2023-11-10,,cancelled
6094,1,4,10,2023-09-09,2023-11-17,,cancelled
6095,1,1,4,2023-09-02,2023-10-30,,cancelled
6096,1,5,14,2023-10-01,2023-12-05,,cancelled
6097,1,1,4,2023-10-20,2024-01-05,,cancelled
6098,1,1,1,2023-11-11,2024-01-06,,cancelled
6099,1,6,15,2023-11-06,2023-12-21,,on_hold
6100,1,2,7,2024-08-13,2024-10-20,,on_hold
6101,1,1,1,2024-08-26,2024-11-09,,cancelled
6102,1,1,1,2024-08-18,2024-11-07,,on_hold
6103,1,2,5,2024-08-04,2024-09-22,,cancelled
6104,1,1,1,2024-09-12,2024-10-14,,cancelled
6105,1,6,16,2024-09-19,2024-11-09,,cancelled
6106,1,1,2,2024-09-27,2024-12-06,,on_hold
6107,1,3,8,2024-10-11,2024-12-31,,on_hold
6108,1,1,3,2024-10-28,2024-12-10,,cancelled
6109,1,4,11,2024-11-20,2025-01-05,,cancelled
6110,1,1,2,2024-11-10,2025-01-16,,cancelled
6111,1,1,3,2025-07-26,2025-10-04,,cancelled
6112,1,6,15,2025-08-22,2025-11-05,,cancelled
6113,1,1,1,2025-08-25,2025-11-11,,cancelled
6114,1,4,11,2025-08-24,2025-10-30,,on_hold
6115,1,5,13,2025-09-16,2025-12-05,,on_hold
6116,1,2,6,2025-09-12,2025-10-25,,on_hold
6117,1,1,1,2025-09-06,2025-10-19,,cancelled
6118,1,6,15,2025-10-05,2025-11-17,,cancelled
6119,1,1,1,2025-10-02,2025-12-17,,cancelled
6120,1,4,10,2025-10-06,2025-12-31,,on_hold
6121,1,1,3,2025-11-18,2026-01-16,,on_hold
6122,1,3,8,2026-07-04,2026-10-02,,open
6123,1,2,5,2026-07-08,2026-09-08,,open
6124,1,4,11,2026-07-16,2026-09-26,,cancelled
6125,1,3,8,2026-08-16,2026-09-20,,open
6126,1,4,11,2026-08-04,2026-10-15,,on_hold
6127,1,1,1,2026-08-09,2026-10-15,,open
6128,2,8,6,2023-09-07,2023-11-09,,cancelled
6129,2,7,1,2023-09-25,2023-11-29,,on_hold
6130,2,8,6,2023-09-09,2023-10-16,,cancelled
6131,2,7,2,2023-09-27,2023-11-14,,on_hold
6132,2,9,8,2023-09-04,2023-10-15,,cancelled
6133,2,7,1,2023-10-28,2023-12-17,,on_hold
6134,2,12,15,2023-10-02,2023-11-08,,on_hold
6135,2,7,1,2023-11-12,2023-12-17,,cancelled
6136,2,9,8,2024-06-01,2024-07-17,,cancelled
6137,2,7,1,2024-06-23,2024-08-09,,cancelled
6138,2,7,3,2024-07-23,2024-10-11,,cancelled
6139,2,10,10,2024-07-22,2024-08-21,,cancelled
6140,2,7,2,2024-07-13,2024-10-01,,cancelled
6141,2,7,3,2024-08-16,2024-11-02,,on_hold
6142,2,8,6,2024-08-18,2024-10-07,,on_hold
6143,2,7,1,2024-08-02,2024-09-11,,on_hold
6144,2,8,6,2024-09-27,2024-12-05,,cancelled
6145,2,8,5,2024-09-20,2024-11-22,,cancelled
6146,2,7,1,2024-09-14,2024-12-04,,cancelled
6147,2,7,1,2024-10-04,2024-12-23,,on_hold
6148,2,7,3,2024-10-16,2024-11-30,,on_hold
6149,2,8,6,2024-11-06,2024-12-14,,cancelled
6150,2,7,1,2025-06-16,2025-08-29,,on_hold
6151,2,11,12,2025-06-20,2025-09-02,,on_hold
6152,2,12,15,2025-07-28,2025-10-22,,on_hold
6153,2,7,2,2025-07-14,2025-09-29,,cancelled
6154,2,7,1,2025-07-11,2025-09-22,,cancelled
6155,2,7,1,2025-07-18,2025-09-05,,cancelled
6156,2,10,10,2025-08-10,2025-10-23,,on_hold
6157,2,11,12,2025-08-04,2025-10-05,,on_hold
6158,2,7,2,2025-08-17,2025-10-25,,cancelled
6159,2,8,6,2025-09-02,2025-10-12,,cancelled
6160,2,9,9,2025-09-18,2025-10-20,,cancelled
6161,2,8,5,2025-09-03,2025-11-01,,cancelled
6162,2,8,5,2025-10-06,2025-11-14,,on_hold
6163,2,7,2,2025-10-27,2025-12-12,,cancelled
6164,2,7,3,2026-06-15,2026-07-18,,cancelled
6165,2,11,13,2026-07-19,2026-08-29,,open
6166,2,7,1,2026-07-13,2026-10-02,,open
6167,2,8,5,2026-07-10,2026-08-24,,open
6168,2,8,5,2026-08-08,2026-10-03,,open
6169,2,7,3,2026-08-04,2026-09-18,,open
6170,2,8,5,2026-08-02,2026-09-15,,open
6171,3,14,6,2023-09-07,2023-11-29,,cancelled
6172,3,14,6,2023-09-03,2023-10-09,,cancelled
6173,3,13,1,2023-09-16,2023-12-14,,on_hold
6174,3,14,5,2023-10-18,2023-12-22,,cancelled
6175,3,13,1,2023-10-24,2023-12-30,,cancelled
6176,3,14,5,2023-10-09,2023-11-30,,cancelled
6177,3,13,2,2023-10-11,2023-11-20,,cancelled
6178,3,13,3,2023-11-05,2024-01-04,,on_hold
6179,3,13,1,2023-11-14,2024-01-05,,cancelled
6180,3,15,8,2023-11-08,2024-01-05,,cancelled
6181,3,14,6,2023-12-27,2024-02-24,,cancelled
6182,3,14,6,2023-12-07,2024-02-18,,cancelled
6183,3,16,11,2024-08-22,2024-11-08,,on_hold
6184,3,13,3,2024-08-14,2024-10-12,,on_hold
6185,3,13,1,2024-09-26,2024-11-14,,on_hold
6186,3,18,15,2024-09-10,2024-11-25,,cancelled
6187,3,13,1,2024-09-22,2024-12-14,,cancelled
6188,3,18,15,2024-09-14,2024-10-28,,cancelled
6189,3,13,1,2024-10-03,2024-12-09,,cancelled
6190,3,18,16,2024-10-07,2024-12-09,,on_hold
6191,3,18,16,2024-10-21,2024-12-08,,cancelled
6192,3,14,5,2024-10-20,2024-12-17,,on_hold
6193,3,13,4,2024-11-17,2024-12-26,,on_hold
6194,3,13,3,2024-11-10,2025-01-23,,on_hold
6195,3,13,1,2024-11-08,2025-01-22,,cancelled
6196,3,13,1,2024-12-06,2025-02-27,,on_hold
6197,3,13,4,2024-12-23,2025-03-17,,cancelled
6198,3,15,8,2025-08-27,2025-10-04,,cancelled
6199,3,16,10,2025-08-25,2025-11-19,,cancelled
6200,3,14,5,2025-09-15,2025-10-29,,cancelled
6201,3,13,1,2025-09-27,2025-11-09,,cancelled
6202,3,16,11,2025-09-28,2025-12-02,,on_hold
6203,3,14,5,2025-09-22,2025-12-20,,cancelled
6204,3,14,5,2025-10-14,2025-12-20,,cancelled
6205,3,13,2,2025-10-16,2025-12-07,,cancelled
6206,3,13,2,2025-10-28,2025-12-06,,cancelled
6207,3,13,1,2025-10-26,2026-01-11,,cancelled
6208,3,18,15,2025-11-13,2025-12-30,,on_hold
6209,3,14,6,2025-11-24,2026-02-07,,on_hold
6210,3,13,2,2025-11-10,2026-01-16,,cancelled
6211,3,17,13,2025-12-06,2026-01-18,,on_hold
6212,3,14,5,2026-01-22,2026-03-10,,on_hold
6213,3,13,2,2026-08-07,2026-09-25,,open
6214,3,14,5,2026-08-11,2026-10-19,,on_hold
6215,4,24,15,2023-09-10,2023-11-26,,on_hold
6216,4,21,9,2023-09-06,2023-11-27,,on_hold
6217,4,21,8,2023-10-05,2023-12-23,,on_hold
6218,4,22,10,2023-10-23,2023-11-24,,on_hold
6219,4,19,3,2023-11-02,2024-01-09,,on_hold
6220,4,20,7,2024-07-14,2024-09-10,,cancelled
6221,4,20,6,2024-08-21,2024-11-05,,on_hold
6222,4,22,11,2024-08-09,2024-09-09,,on_hold
6223,4,19,2,2024-09-28,2024-10-31,,cancelled
6224,4,24,17,2024-09-20,2024-10-23,,cancelled
6225,4,20,7,2024-10-06,2025-01-04,,cancelled
6226,4,20,5,2024-11-06,2025-01-29,,on_hold
6227,4,19,2,2024-11-22,2025-02-02,,cancelled
6228,4,22,11,2024-12-21,2025-01-20,,cancelled
6229,4,21,9,2025-07-08,2025-08-30,,on_hold
6230,4,23,14,2025-08-04,2025-10-26,,on_hold
6231,4,20,7,2025-08-24,2025-10-28,,cancelled
6232,4,19,3,2025-09-18,2025-12-01,,cancelled
6233,4,22,10,2025-09-07,2025-10-30,,on_hold
6234,4,19,3,2025-10-15,2026-01-12,,on_hold
6235,4,19,1,2025-11-24,2026-02-18,,on_hold
6236,4,19,1,2026-07-27,2026-09-30,,open
6237,4,20,6,2026-08-28,2026-10-14,,open
6238,4,19,1,2026-08-23,2026-10-05,,open
